participant, y, burst, z
1, 64, 64, 1
1, 33, 34, 2
1, 39, 39, 1
1, 29, 30, 1
1, 25, 26, 1
1, 21, 21, 1
1, 16, 17, 1
1, 10, 10, 2
1, 6, 7, 1
1, 10, 11, 1
1, 9, 10, 1
1, 13, 14, 1
1, 14, 15, 1
1, 34, 34, 1
1, 28, 29, 2
1, 25, 26, 1
1, 23, 24, 1
1, 31, 32, 1
1, 31, 32, 1
1, 13, 13, 2
1, 25, 26, 2
1, 33, 34, 2
1, 30, 30, 2
1, 28, 29, 2
1, 9, 9, 2
1, 25, 26, 2
1, 28, 29, 2
1, 17, 17, 1
1, 27, 28, 1
1, 14, 15, 1
1, 28, 29, 2
1, 28, 29, 2
1, 34, 35, 1
1, 47, 48, 1
1, 53, 54, 1
1, 21, 21, 1
1, 34, 35, 1
1, 10, 10, 1
1, 37, 38, 1
1, 16, 17, 1
1, 33, 34, 1
1, 18, 19, 1
1, 26, 26, 2
1, 34, 34, 2
1, 24, 25, 1
1, 30, 31, 1
1, 24, 25, 2
1, 37, 38, 2
1, 33, 34, 2
1, 13, 13, 2
1, 40, 41, 1
1, 21, 22, 2
1, 25, 26, 2
1, 31, 32, 2
1, 9, 9, 2
1, 25, 26, 2
1, 12, 13, 0
1, 17, 17, 0
1, 18, 19, 0
1, 22, 23, 0
1, 24, 25, 0
1, 32, 33, 0
1, 18, 19, 0
1, 24, 25, 0
1, 30, 31, 0
1, 21, 21, 0
1, 17, 18, 0
1, 10, 10, 0
1, 17, 18, 0
1, 26, 27, 0
1, 34, 35, 0
1, 31, 32, 0
1, 23, 24, 0
1, 34, 34, 0
1, 34, 35, 0
1, 25, 26, 0
1, 25, 26, 0
1, 35, 36, 0
1, 22, 23, 0
1, 13, 13, 0
1, 37, 38, 0
1, 33, 34, 0
1, 20, 21, 0
1, 21, 22, 0
1, 9, 9, 0
1, 30, 31, 0
1, 34, 35, 0
1, 17, 17, 0
1, 48, 49, 0
1, 21, 22, 0
2, 7, 8, 0
2, 11, 12, 0
2, 13, 14, 0
2, 16, 17, 0
2, 15, 16, 0
2, 5, 6, 0
2, 20, 21, 0
2, 10, 10, 0
2, 15, 16, 0
2, 19, 20, 0
2, 15, 16, 0
2, 7, 8, 0
2, 20, 21, 0
2, 15, 16, 0
2, 22, 23, 0
2, 27, 28, 0
2, 35, 36, 0
2, 31, 32, 0
2, 38, 39, 0
2, 13, 13, 0
2, 30, 31, 0
2, 31, 32, 0
2, 30, 30, 0
2, 26, 27, 0
2, 9, 9, 0
2, 32, 33, 0
2, 27, 28, 0
2, 17, 17, 0
2, 26, 27, 0
2, 34, 35, 0
2, 42, 43, 0
2, 50, 51, 0
2, 39, 39, 0
2, 50, 51, 0
2, 46, 47, 0
2, 21, 21, 0
2, 39, 40, 0
2, 10, 10, 0
2, 38, 39, 0
2, 32, 32, 0
2, 36, 37, 0
2, 43, 44, 0
2, 26, 26, 0
2, 34, 34, 0
2, 34, 35, 0
2, 46, 47, 0
2, 60, 61, 0
2, 45, 46, 0
2, 56, 57, 0
2, 13, 13, 0
2, 56, 57, 0
2, 70, 71, 0
2, 30, 30, 0
2, 60, 61, 0
2, 9, 9, 0
2, 64, 64, 0
2, 54, 55, 0
2, 17, 17, 0
2, 61, 62, 0
2, 52, 52, 0
2, 57, 58, 0
2, 69, 70, 0
2, 39, 39, 0
2, 58, 59, 0
2, 74, 75, 0
2, 21, 21, 0
2, 74, 75, 0
2, 10, 10, 0
2, 64, 64, 0
2, 32, 32, 0
2, 53, 54, 0
2, 70, 71, 0
2, 26, 26, 0
2, 34, 34, 0
2, 47, 47, 0
2, 45, 46, 0
2, 62, 63, 0
2, 56, 57, 0
2, 75, 75, 0
2, 13, 13, 0
2, 64, 64, 0
2, 45, 46, 0
2, 30, 30, 0
2, 46, 47, 0
2, 9, 9, 0
2, 57, 58, 0
2, 69, 70, 0
2, 17, 17, 0
2, 60, 61, 0
2, 44, 45, 0
3, 30, 31, 0
3, 45, 46, 0
3, 39, 39, 0
3, 27, 28, 0
3, 36, 37, 0
3, 21, 21, 0
3, 32, 33, 0
3, 10, 10, 0
3, 40, 41, 0
3, 32, 32, 0
3, 25, 26, 0
3, 24, 25, 0
3, 26, 26, 0
3, 34, 34, 0
3, 25, 26, 0
3, 24, 25, 0
3, 30, 31, 0
3, 20, 21, 0
3, 39, 40, 0
3, 13, 13, 0
3, 28, 29, 0
3, 27, 28, 0
3, 29, 30, 0
3, 26, 27, 0
3, 9, 9, 0
3, 32, 33, 0
3, 23, 24, 0
3, 17, 17, 0
3, 23, 24, 0
3, 24, 25, 0
3, 48, 49, 0
3, 42, 43, 0
3, 39, 39, 0
3, 23, 24, 0
3, 31, 32, 0
3, 21, 21, 0
3, 35, 36, 0
3, 10, 10, 0
3, 36, 37, 0
3, 32, 32, 0
3, 23, 24, 0
3, 24, 25, 0
3, 25, 26, 0
3, 26, 27, 0
3, 39, 40, 0
3, 45, 46, 0
3, 38, 39, 0
3, 46, 47, 0
3, 36, 37, 0
3, 13, 13, 0
3, 47, 48, 0
3, 94, 95, 0
3, 30, 30, 0
3, 78, 79, 0
3, 9, 9, 0
3, 64, 64, 0
3, 22, 23, 0
3, 17, 17, 0
3, 53, 54, 0
3, 52, 52, 0
3, 64, 64, 0
3, 45, 46, 0
3, 39, 39, 0
3, 38, 39, 0
3, 38, 39, 0
3, 21, 21, 0
3, 43, 44, 0
3, 10, 10, 0
3, 58, 59, 0
3, 32, 32, 0
3, 52, 53, 0
3, 48, 49, 0
3, 26, 26, 0
3, 34, 34, 0
3, 39, 40, 0
3, 41, 42, 0
3, 47, 48, 0
3, 57, 58, 0
3, 58, 59, 0
3, 13, 13, 0
3, 64, 64, 0
3, 39, 40, 0
3, 30, 30, 0
3, 85, 86, 0
3, 9, 9, 0
3, 64, 64, 0
3, 50, 51, 0
3, 17, 17, 0
3, 60, 61, 0
3, 47, 48, 0
4, 23, 24, 0
4, 50, 51, 0
4, 39, 39, 0
4, 44, 45, 0
4, 43, 44, 0
4, 21, 21, 0
4, 42, 43, 0
4, 10, 10, 0
4, 46, 47, 0
4, 32, 32, 0
4, 47, 48, 0
4, 56, 57, 0
4, 22, 23, 0
4, 34, 34, 0
4, 47, 47, 0
4, 39, 40, 0
4, 52, 53, 0
4, 53, 54, 0
4, 61, 62, 0
4, 13, 13, 0
4, 64, 64, 0
4, 58, 59, 0
4, 30, 30, 0
4, 54, 55, 0
4, 9, 9, 0
4, 64, 64, 0
4, 53, 54, 0
4, 17, 17, 0
4, 58, 59, 0
4, 52, 52, 0
4, 50, 51, 0
4, 53, 54, 0
4, 39, 39, 0
4, 56, 57, 0
4, 58, 59, 0
4, 21, 21, 0
4, 60, 61, 0
4, 10, 10, 0
4, 53, 54, 0
4, 32, 32, 0
4, 64, 64, 0
4, 65, 66, 0
4, 26, 26, 0
4, 34, 34, 0
4, 47, 47, 0
4, 59, 60, 0
4, 60, 61, 0
4, 80, 81, 0
4, 75, 75, 0
4, 13, 13, 0
4, 64, 64, 0
4, 40, 41, 0
4, 30, 30, 0
4, 54, 55, 0
4, 9, 9, 0
4, 48, 49, 0
4, 66, 67, 0
4, 17, 17, 0
4, 61, 62, 0
4, 52, 52, 0
4, 59, 60, 0
4, 59, 60, 0
4, 39, 39, 0
4, 48, 49, 0
4, 68, 69, 0
4, 21, 21, 0
4, 51, 52, 0
4, 10, 10, 0
4, 64, 64, 0
4, 32, 32, 0
4, 58, 59, 0
4, 53, 54, 0
4, 26, 26, 0
4, 34, 34, 0
4, 47, 47, 0
4, 46, 47, 0
4, 52, 53, 0
4, 52, 53, 0
4, 59, 60, 0
4, 13, 13, 0
4, 55, 56, 0
4, 58, 59, 0
4, 30, 30, 0
4, 61, 62, 0
4, 9, 9, 0
4, 55, 56, 0
4, 59, 60, 0
4, 17, 17, 0
4, 76, 77, 0
4, 52, 52, 0
5, 39, 40, 0
5, 58, 59, 0
5, 39, 39, 0
5, 42, 43, 0
5, 39, 40, 0
5, 21, 21, 0
5, 28, 29, 0
5, 10, 10, 0
5, 26, 27, 0
5, 32, 32, 0
5, 26, 27, 0
5, 30, 31, 0
5, 26, 26, 0
5, 20, 21, 0
5, 24, 25, 0
5, 32, 33, 0
5, 33, 34, 0
5, 30, 31, 0
5, 29, 30, 0
5, 13, 13, 0
5, 22, 23, 0
5, 25, 26, 0
5, 27, 28, 0
5, 22, 23, 0
5, 9, 9, 0
5, 24, 25, 0
5, 26, 27, 0
5, 17, 17, 0
5, 17, 18, 0
5, 17, 18, 0
5, 50, 51, 0
5, 49, 50, 0
5, 39, 39, 0
5, 49, 50, 0
5, 41, 42, 0
5, 21, 21, 0
5, 41, 42, 0
5, 10, 10, 0
5, 33, 34, 0
5, 29, 30, 0
5, 36, 37, 0
5, 35, 36, 0
5, 26, 26, 0
5, 30, 31, 0
5, 30, 31, 0
5, 34, 35, 0
5, 31, 32, 0
5, 40, 41, 0
5, 44, 45, 0
5, 13, 13, 0
5, 29, 30, 0
5, 37, 38, 0
5, 30, 30, 0
5, 28, 29, 0
5, 9, 9, 0
5, 25, 26, 0
5, 26, 27, 0
5, 17, 17, 0
5, 26, 27, 0
5, 25, 26, 0
5, 46, 47, 0
5, 37, 38, 0
5, 29, 30, 0
5, 23, 24, 0
5, 28, 29, 0
5, 21, 21, 0
5, 34, 35, 0
5, 10, 10, 0
5, 33, 34, 0
5, 26, 27, 0
5, 32, 33, 0
5, 19, 20, 0
5, 26, 26, 0
5, 32, 33, 0
5, 35, 36, 0
5, 39, 40, 0
5, 40, 41, 0
5, 54, 55, 0
5, 36, 37, 0
5, 13, 13, 0
5, 39, 40, 0
5, 60, 61, 0
5, 30, 30, 0
5, 45, 46, 0
5, 9, 9, 0
5, 42, 43, 0
5, 40, 41, 0
5, 17, 17, 0
5, 33, 34, 0
5, 42, 43, 0
6, 7, 8, 0
6, 20, 21, 0
6, 36, 37, 0
6, 41, 42, 0
6, 63, 64, 0
6, 21, 21, 0
6, 23, 24, 0
6, 10, 10, 0
6, 20, 21, 0
6, 19, 20, 0
6, 24, 25, 0
6, 33, 34, 0
6, 26, 26, 0
6, 26, 27, 0
6, 47, 47, 0
6, 14, 15, 0
6, 29, 30, 0
6, 37, 38, 0
6, 44, 45, 0
6, 13, 13, 0
6, 45, 46, 0
6, 25, 26, 0
6, 21, 22, 0
6, 25, 26, 0
6, 9, 9, 0
6, 47, 48, 0
6, 24, 25, 0
6, 17, 17, 0
6, 59, 60, 0
6, 45, 46, 0
6, 32, 33, 0
6, 37, 38, 0
6, 29, 30, 0
6, 24, 25, 0
6, 48, 49, 0
6, 21, 21, 0
6, 29, 30, 0
6, 10, 10, 0
6, 33, 34, 0
6, 32, 32, 0
6, 22, 23, 0
6, 30, 31, 0
6, 26, 26, 0
6, 20, 21, 0
6, 26, 27, 0
6, 43, 44, 0
6, 33, 34, 0
6, 25, 26, 0
6, 35, 36, 0
6, 13, 13, 0
6, 40, 41, 0
6, 20, 21, 0
6, 20, 21, 0
6, 20, 21, 0
6, 9, 9, 0
6, 40, 41, 0
6, 35, 36, 0
6, 17, 17, 0
6, 28, 29, 0
6, 23, 24, 0
6, 52, 53, 0
6, 42, 43, 0
6, 39, 39, 0
6, 52, 53, 0
6, 64, 65, 0
6, 21, 21, 0
6, 58, 59, 0
6, 10, 10, 0
6, 64, 64, 0
6, 23, 24, 0
6, 38, 39, 0
6, 60, 61, 0
6, 26, 26, 0
6, 34, 34, 0
6, 20, 21, 0
6, 40, 41, 0
6, 60, 61, 0
6, 45, 46, 0
6, 64, 65, 0
6, 13, 13, 0
6, 60, 61, 0
6, 35, 36, 0
6, 30, 30, 0
6, 73, 74, 0
6, 9, 9, 0
6, 64, 64, 0
6, 35, 36, 0
6, 17, 17, 0
6, 35, 36, 0
6, 43, 44, 0
7, 64, 64, 0
7, 42, 43, 0
7, 39, 39, 0
7, 18, 19, 0
7, 21, 22, 0
7, 21, 21, 0
7, 13, 14, 0
7, 9, 10, 0
7, 12, 13, 0
7, 15, 16, 0
7, 14, 15, 0
7, 11, 12, 0
7, 13, 14, 0
7, 20, 21, 0
7, 16, 17, 0
7, 13, 14, 0
7, 14, 15, 0
7, 14, 15, 0
7, 15, 16, 0
7, 13, 13, 0
7, 15, 16, 0
7, 12, 13, 0
7, 12, 13, 0
7, 12, 13, 0
7, 9, 9, 0
7, 20, 21, 0
7, 15, 16, 0
7, 12, 13, 0
7, 24, 25, 0
7, 24, 25, 0
7, 22, 23, 0
7, 27, 28, 0
7, 29, 30, 0
7, 31, 32, 0
7, 29, 30, 0
7, 21, 21, 0
7, 56, 57, 0
7, 10, 10, 0
7, 46, 47, 0
7, 32, 32, 0
7, 30, 31, 0
7, 44, 45, 0
7, 26, 26, 0
7, 34, 34, 0
7, 22, 23, 0
7, 24, 25, 0
7, 13, 14, 0
7, 17, 18, 0
7, 19, 20, 0
7, 13, 13, 0
7, 36, 37, 0
7, 31, 32, 0
7, 23, 24, 0
7, 24, 25, 0
7, 9, 9, 0
7, 20, 21, 0
7, 24, 25, 0
7, 17, 17, 0
7, 30, 31, 0
7, 25, 26, 0
7, 32, 33, 0
7, 23, 24, 0
7, 29, 30, 0
7, 23, 24, 0
7, 21, 22, 0
7, 21, 21, 0
7, 36, 37, 0
7, 10, 10, 0
7, 28, 29, 0
7, 32, 32, 0
7, 43, 44, 0
7, 39, 40, 0
7, 26, 26, 0
7, 34, 34, 0
7, 28, 29, 0
7, 28, 29, 0
7, 21, 22, 0
7, 27, 28, 0
7, 35, 36, 0
7, 13, 13, 0
7, 38, 39, 0
7, 25, 26, 0
7, 30, 30, 0
7, 30, 31, 0
7, 9, 9, 0
7, 27, 28, 0
7, 25, 26, 0
7, 17, 17, 0
7, 24, 25, 0
7, 28, 29, 0
8, 41, 42, 0
8, 39, 40, 0
8, 39, 39, 0
8, 43, 44, 0
8, 53, 54, 0
8, 21, 21, 0
8, 62, 63, 0
8, 10, 10, 0
8, 64, 64, 0
8, 32, 32, 0
8, 29, 30, 0
8, 44, 45, 0
8, 26, 26, 0
8, 34, 34, 0
8, 47, 47, 0
8, 33, 34, 0
8, 53, 54, 0
8, 64, 65, 0
8, 62, 63, 0
8, 13, 13, 0
8, 63, 64, 0
8, 63, 64, 0
8, 30, 30, 0
8, 46, 47, 0
8, 9, 9, 0
8, 42, 43, 0
8, 56, 57, 0
8, 17, 17, 0
8, 52, 53, 0
8, 52, 52, 0
8, 33, 34, 0
8, 72, 73, 0
8, 39, 39, 0
8, 50, 51, 0
8, 53, 54, 0
8, 21, 21, 0
8, 49, 50, 0
8, 10, 10, 0
8, 50, 51, 0
8, 32, 32, 0
8, 55, 56, 0
8, 55, 56, 0
8, 26, 26, 0
8, 34, 34, 0
8, 47, 47, 0
8, 38, 39, 0
8, 47, 48, 0
8, 53, 54, 0
8, 43, 44, 0
8, 13, 13, 0
8, 49, 50, 0
8, 38, 39, 0
8, 30, 30, 0
8, 29, 30, 0
8, 9, 9, 0
8, 45, 46, 0
8, 41, 42, 0
8, 17, 17, 0
8, 39, 40, 0
8, 48, 49, 0
8, 39, 40, 0
8, 44, 45, 0
8, 39, 39, 0
8, 36, 37, 0
8, 39, 40, 0
8, 21, 21, 0
8, 41, 42, 0
8, 10, 10, 0
8, 41, 42, 0
8, 32, 32, 0
8, 35, 36, 0
8, 31, 32, 0
8, 26, 26, 0
8, 25, 26, 0
8, 40, 41, 0
8, 37, 38, 0
8, 43, 44, 0
8, 35, 36, 0
8, 39, 40, 0
8, 13, 13, 0
8, 36, 37, 0
8, 45, 46, 0
8, 30, 30, 0
8, 35, 36, 0
8, 9, 9, 0
8, 39, 40, 0
8, 42, 43, 0
8, 17, 17, 0
8, 41, 42, 0
8, 34, 35, 0
9, 13, 14, 0
9, 4, 5, 0
9, 38, 39, 0
9, 17, 18, 0
9, 56, 57, 0
9, 21, 21, 0
9, 36, 37, 0
9, 10, 10, 0
9, 16, 17, 0
9, 30, 31, 0
9, 43, 44, 0
9, 24, 25, 0
9, 26, 26, 0
9, 32, 33, 0
9, 22, 23, 0
9, 25, 26, 0
9, 48, 49, 0
9, 36, 37, 0
9, 40, 41, 0
9, 13, 13, 0
9, 19, 20, 0
9, 5, 6, 0
9, 30, 30, 0
9, 27, 28, 0
9, 9, 9, 0
9, 37, 38, 0
9, 40, 41, 0
9, 17, 17, 0
9, 39, 40, 0
9, 28, 29, 0
9, 11, 12, 0
9, 15, 16, 0
9, 7, 8, 0
9, 31, 32, 0
9, 34, 35, 0
9, 8, 9, 0
9, 34, 35, 0
9, 10, 10, 0
9, 58, 59, 0
9, 27, 28, 0
9, 47, 48, 0
9, 13, 14, 0
9, 23, 24, 0
9, 34, 34, 0
9, 16, 17, 0
9, 32, 33, 0
9, 28, 29, 0
9, 42, 43, 0
9, 40, 41, 0
9, 13, 13, 0
9, 40, 41, 0
9, 38, 39, 0
9, 30, 30, 0
9, 29, 30, 0
9, 9, 9, 0
9, 64, 64, 0
9, 12, 13, 0
9, 17, 17, 0
9, 34, 35, 0
9, 52, 52, 0
9, 22, 23, 0
9, 20, 21, 0
9, 29, 30, 0
9, 30, 31, 0
9, 45, 46, 0
9, 21, 21, 0
9, 42, 43, 0
9, 10, 10, 0
9, 59, 60, 0
9, 32, 32, 0
9, 34, 35, 0
9, 32, 33, 0
9, 26, 26, 0
9, 34, 34, 0
9, 27, 28, 0
9, 63, 64, 0
9, 52, 53, 0
9, 27, 28, 0
9, 59, 60, 0
9, 13, 13, 0
9, 58, 59, 0
9, 59, 60, 0
9, 30, 30, 0
9, 52, 53, 0
9, 9, 9, 0
9, 38, 39, 0
9, 77, 78, 0
9, 17, 17, 0
9, 79, 80, 0
9, 42, 43, 0
10, 14, 15, 0
10, 11, 12, 0
10, 16, 17, 0
10, 14, 15, 0
10, 16, 17, 0
10, 21, 21, 0
10, 18, 19, 0
10, 10, 10, 0
10, 7, 8, 0
10, 6, 7, 0
10, 8, 9, 0
10, 10, 11, 0
10, 9, 10, 0
10, 11, 12, 0
10, 11, 12, 0
10, 11, 12, 0
10, 11, 12, 0
10, 13, 14, 0
10, 12, 13, 0
10, 12, 13, 0
10, 12, 13, 0
10, 14, 15, 0
10, 15, 16, 0
10, 13, 14, 0
10, 9, 9, 0
10, 8, 9, 0
10, 10, 11, 0
10, 7, 8, 0
10, 9, 10, 0
10, 13, 14, 0
10, 8, 9, 0
10, 11, 12, 0
10, 14, 15, 0
10, 13, 14, 0
10, 15, 16, 0
10, 17, 18, 0
10, 16, 17, 0
10, 10, 10, 0
10, 14, 15, 0
10, 17, 18, 0
10, 15, 16, 0
10, 13, 14, 0
10, 14, 15, 0
10, 14, 15, 0
10, 14, 15, 0
10, 12, 13, 0
10, 18, 19, 0
10, 17, 18, 0
10, 17, 18, 0
10, 13, 13, 0
10, 12, 13, 0
10, 12, 13, 0
10, 12, 13, 0
10, 10, 11, 0
10, 9, 9, 0
10, 14, 15, 0
10, 15, 16, 0
10, 13, 14, 0
10, 11, 12, 0
10, 13, 14, 0
10, 18, 19, 0
10, 15, 16, 0
10, 20, 21, 0
10, 20, 21, 0
10, 17, 18, 0
10, 16, 17, 0
10, 17, 18, 0
10, 10, 10, 0
10, 14, 15, 0
10, 18, 19, 0
10, 14, 15, 0
10, 16, 17, 0
10, 18, 19, 0
10, 20, 21, 0
10, 20, 21, 0
10, 17, 18, 0
10, 16, 17, 0
10, 14, 15, 0
10, 15, 16, 0
10, 13, 13, 0
10, 14, 15, 0
10, 15, 16, 0
10, 14, 15, 0
10, 19, 20, 0
10, 9, 9, 0
10, 16, 17, 0
10, 17, 18, 0
10, 16, 17, 0
10, 18, 19, 0
10, 15, 16, 0
11, 20, 21, 0
11, 40, 41, 0
11, 39, 39, 0
11, 20, 21, 0
11, 50, 51, 0
11, 21, 21, 0
11, 25, 26, 0
11, 10, 10, 0
11, 20, 21, 0
11, 32, 32, 0
11, 25, 26, 0
11, 27, 28, 0
11, 25, 26, 0
11, 34, 34, 0
11, 24, 25, 0
11, 30, 31, 0
11, 41, 42, 0
11, 25, 26, 0
11, 47, 48, 0
11, 13, 13, 0
11, 25, 26, 0
11, 30, 31, 0
11, 30, 30, 0
11, 26, 27, 0
11, 9, 9, 0
11, 20, 21, 0
11, 25, 26, 0
11, 17, 17, 0
11, 30, 31, 0
11, 20, 21, 0
11, 25, 26, 0
11, 30, 31, 0
11, 25, 26, 0
11, 40, 41, 0
11, 25, 26, 0
11, 21, 21, 0
11, 25, 26, 0
11, 10, 10, 0
11, 35, 36, 0
11, 32, 32, 0
11, 25, 26, 0
11, 30, 31, 0
11, 26, 26, 0
11, 25, 26, 0
11, 25, 26, 0
11, 25, 26, 0
11, 25, 26, 0
11, 45, 46, 0
11, 25, 26, 0
11, 13, 13, 0
11, 25, 26, 0
11, 35, 36, 0
11, 30, 30, 0
11, 25, 26, 0
11, 9, 9, 0
11, 25, 26, 0
11, 30, 31, 0
11, 17, 17, 0
11, 25, 26, 0
11, 25, 26, 0
11, 30, 31, 0
11, 25, 26, 0
11, 35, 36, 0
11, 25, 26, 0
11, 30, 31, 0
11, 21, 21, 0
11, 25, 26, 0
11, 10, 10, 0
11, 30, 31, 0
11, 32, 32, 0
11, 25, 26, 0
11, 30, 31, 0
11, 26, 26, 0
11, 25, 26, 0
11, 25, 26, 0
11, 25, 26, 0
11, 25, 26, 0
11, 41, 42, 0
11, 25, 26, 0
11, 13, 13, 0
11, 24, 25, 0
11, 25, 26, 0
11, 30, 30, 0
11, 25, 26, 0
11, 9, 9, 0
11, 25, 26, 0
11, 30, 31, 0
11, 17, 17, 0
11, 30, 31, 0
11, 35, 36, 0
12, 12, 13, 0
12, 8, 9, 0
12, 20, 21, 0
12, 10, 11, 0
12, 40, 41, 0
12, 21, 21, 0
12, 15, 16, 0
12, 10, 10, 0
12, 10, 11, 0
12, 15, 16, 0
12, 20, 21, 0
12, 24, 25, 0
12, 26, 26, 0
12, 20, 21, 0
12, 12, 13, 0
12, 20, 21, 0
12, 30, 31, 0
12, 15, 16, 0
12, 22, 23, 0
12, 13, 13, 0
12, 20, 21, 0
12, 25, 26, 0
12, 20, 21, 0
12, 27, 28, 0
12, 9, 9, 0
12, 20, 21, 0
12, 20, 21, 0
12, 17, 17, 0
12, 10, 11, 0
12, 15, 16, 0
12, 20, 21, 0
12, 25, 26, 0
12, 15, 16, 0
12, 20, 21, 0
12, 10, 11, 0
12, 21, 21, 0
12, 25, 26, 0
12, 10, 10, 0
12, 11, 12, 0
12, 15, 16, 0
12, 15, 16, 0
12, 17, 18, 0
12, 15, 16, 0
12, 10, 11, 0
12, 19, 20, 0
12, 8, 9, 0
12, 11, 12, 0
12, 17, 18, 0
12, 22, 23, 0
12, 13, 13, 0
12, 9, 10, 0
12, 13, 14, 0
12, 15, 16, 0
12, 18, 19, 0
12, 9, 9, 0
12, 14, 15, 0
12, 19, 20, 0
12, 10, 11, 0
12, 20, 21, 0
12, 22, 23, 0
12, 20, 21, 0
12, 20, 21, 0
12, 10, 11, 0
12, 16, 17, 0
12, 10, 11, 0
12, 20, 21, 0
12, 15, 16, 0
12, 10, 10, 0
12, 10, 11, 0
12, 15, 16, 0
12, 30, 31, 0
12, 21, 22, 0
12, 26, 26, 0
12, 17, 18, 0
12, 20, 21, 0
12, 21, 22, 0
12, 25, 26, 0
12, 15, 16, 0
12, 21, 22, 0
12, 13, 13, 0
12, 11, 12, 0
12, 16, 17, 0
12, 21, 22, 0
12, 20, 21, 0
12, 9, 9, 0
12, 10, 11, 0
12, 15, 16, 0
12, 10, 11, 0
12, 20, 21, 0
12, 21, 22, 0
13, 64, 64, 0
13, 38, 39, 0
13, 39, 39, 0
13, 23, 24, 0
13, 37, 38, 0
13, 21, 21, 0
13, 29, 30, 0
13, 10, 10, 0
13, 27, 28, 0
13, 32, 32, 0
13, 24, 25, 0
13, 22, 23, 0
13, 26, 26, 0
13, 29, 30, 0
13, 35, 36, 0
13, 32, 33, 0
13, 41, 42, 0
13, 48, 49, 0
13, 42, 43, 0
13, 13, 13, 0
13, 26, 27, 0
13, 42, 43, 0
13, 30, 30, 0
13, 29, 30, 0
13, 9, 9, 0
13, 24, 25, 0
13, 42, 43, 0
13, 17, 17, 0
13, 54, 55, 0
13, 52, 52, 0
13, 31, 32, 0
13, 28, 29, 0
13, 30, 31, 0
13, 32, 33, 0
13, 0, 1, 0
13, 21, 21, 0
13, 31, 32, 0
13, 10, 10, 0
13, 40, 41, 0
13, 32, 32, 0
13, 27, 28, 0
13, 33, 34, 0
13, 26, 26, 0
13, 23, 24, 0
13, 31, 32, 0
13, 25, 26, 0
13, 39, 40, 0
13, 52, 53, 0
13, 0, 1, 0
13, 13, 13, 0
13, 52, 53, 0
13, 67, 68, 0
13, 30, 30, 0
13, 68, 69, 0
13, 9, 9, 0
13, 46, 47, 0
13, 56, 57, 0
13, 17, 17, 0
13, 55, 56, 0
13, 52, 52, 0
13, 45, 46, 0
13, 50, 51, 0
13, 39, 39, 0
13, 30, 31, 0
13, 55, 56, 0
13, 21, 21, 0
13, 34, 35, 0
13, 10, 10, 0
13, 34, 35, 0
13, 32, 32, 0
13, 34, 35, 0
13, 38, 39, 0
13, 26, 26, 0
13, 34, 34, 0
13, 32, 33, 0
13, 37, 38, 0
13, 32, 33, 0
13, 40, 41, 0
13, 31, 32, 0
13, 13, 13, 0
13, 32, 33, 0
13, 36, 37, 0
13, 30, 30, 0
13, 28, 29, 0
13, 9, 9, 0
13, 38, 39, 0
13, 44, 45, 0
13, 17, 17, 0
13, 47, 48, 0
13, 52, 52, 0
14, 19, 20, 0
14, 14, 15, 0
14, 15, 16, 0
14, 16, 17, 0
14, 19, 20, 0
14, 21, 21, 0
14, 13, 14, 0
14, 10, 10, 0
14, 14, 15, 0
14, 14, 15, 0
14, 16, 17, 0
14, 18, 19, 0
14, 14, 15, 0
14, 10, 11, 0
14, 10, 11, 0
14, 11, 12, 0
14, 8, 9, 0
14, 12, 13, 0
14, 11, 12, 0
14, 11, 12, 0
14, 15, 16, 0
14, 16, 17, 0
14, 16, 17, 0
14, 15, 16, 0
14, 9, 9, 0
14, 6, 7, 0
14, 6, 7, 0
14, 13, 14, 0
14, 13, 14, 0
14, 13, 14, 0
14, 16, 17, 0
14, 21, 22, 0
14, 16, 17, 0
14, 25, 26, 0
14, 27, 28, 0
14, 17, 18, 0
14, 22, 23, 0
14, 10, 10, 0
14, 21, 22, 0
14, 22, 23, 0
14, 21, 22, 0
14, 19, 20, 0
14, 20, 21, 0
14, 15, 16, 0
14, 23, 24, 0
14, 23, 24, 0
14, 20, 21, 0
14, 18, 19, 0
14, 22, 23, 0
14, 13, 13, 0
14, 22, 23, 0
14, 24, 25, 0
14, 23, 24, 0
14, 26, 27, 0
14, 9, 9, 0
14, 23, 24, 0
14, 16, 17, 0
14, 17, 17, 0
14, 18, 19, 0
14, 17, 18, 0
14, 28, 29, 0
14, 39, 40, 0
14, 30, 31, 0
14, 24, 25, 0
14, 32, 33, 0
14, 21, 21, 0
14, 30, 31, 0
14, 10, 10, 0
14, 36, 37, 0
14, 32, 32, 0
14, 25, 26, 0
14, 28, 29, 0
14, 23, 24, 0
14, 29, 30, 0
14, 26, 27, 0
14, 29, 30, 0
14, 33, 34, 0
14, 29, 30, 0
14, 23, 24, 0
14, 13, 13, 0
14, 34, 35, 0
14, 25, 26, 0
14, 30, 30, 0
14, 25, 26, 0
14, 9, 9, 0
14, 36, 37, 0
14, 21, 22, 0
14, 17, 17, 0
14, 30, 31, 0
14, 31, 32, 0
15, 8, 9, 0
15, 72, 73, 0
15, 39, 39, 0
15, 95, 96, 0
15, 88, 88, 0
15, 21, 21, 0
15, 30, 31, 0
15, 10, 10, 0
15, 26, 27, 0
15, 32, 32, 0
15, 56, 57, 0
15, 65, 66, 0
15, 26, 26, 0
15, 34, 34, 0
15, 35, 36, 0
15, 61, 62, 0
15, 39, 40, 0
15, 39, 40, 0
15, 42, 43, 0
15, 13, 13, 0
15, 29, 30, 0
15, 60, 61, 0
15, 30, 30, 0
15, 30, 31, 0
15, 9, 9, 0
15, 64, 64, 0
15, 61, 62, 0
15, 17, 17, 0
15, 52, 53, 0
15, 52, 52, 0
15, 64, 64, 0
15, 60, 61, 0
15, 35, 36, 0
15, 31, 32, 0
15, 54, 55, 0
15, 21, 21, 0
15, 46, 47, 0
15, 10, 10, 0
15, 45, 46, 0
15, 32, 32, 0
15, 31, 32, 0
15, 45, 46, 0
15, 13, 14, 0
15, 34, 34, 0
15, 20, 21, 0
15, 20, 21, 0
15, 64, 64, 0
15, 53, 54, 0
15, 42, 43, 0
15, 13, 13, 0
15, 34, 35, 0
15, 27, 28, 0
15, 30, 30, 0
15, 31, 32, 0
15, 9, 9, 0
15, 22, 23, 0
15, 49, 50, 0
15, 17, 17, 0
15, 26, 27, 0
15, 26, 27, 0
15, 50, 51, 0
15, 98, 99, 0
15, 39, 39, 0
15, 96, 96, 0
15, 52, 53, 0
15, 21, 21, 0
15, 43, 44, 0
15, 10, 10, 0
15, 53, 54, 0
15, 32, 32, 0
15, 55, 56, 0
15, 44, 45, 0
15, 26, 26, 0
15, 34, 34, 0
15, 47, 47, 0
15, 18, 19, 0
15, 26, 27, 0
15, 0, 1, 0
15, 0, 1, 0
15, 0, 1, 0
15, 34, 35, 0
15, 19, 20, 0
15, 14, 15, 0
15, 17, 18, 0
15, 9, 9, 0
15, 23, 24, 0
15, 17, 18, 0
15, 17, 17, 0
15, 62, 63, 0
15, 31, 32, 0
16, 52, 53, 0
16, 51, 52, 0
16, 39, 39, 0
16, 31, 32, 0
16, 51, 52, 0
16, 21, 21, 0
16, 78, 79, 0
16, 10, 10, 0
16, 49, 50, 0
16, 32, 32, 0
16, 34, 35, 0
16, 31, 32, 0
16, 26, 26, 0
16, 34, 34, 0
16, 28, 29, 0
16, 29, 30, 0
16, 34, 35, 0
16, 41, 42, 0
16, 42, 43, 0
16, 13, 13, 0
16, 44, 45, 0
16, 41, 42, 0
16, 30, 30, 0
16, 34, 35, 0
16, 9, 9, 0
16, 32, 33, 0
16, 40, 41, 0
16, 17, 17, 0
16, 23, 24, 0
16, 36, 37, 0
16, 33, 34, 0
16, 30, 31, 0
16, 25, 26, 0
16, 48, 49, 0
16, 38, 39, 0
16, 39, 39, 0
16, 37, 38, 0
16, 22, 23, 0
16, 34, 35, 0
16, 0, 1, 0
16, 21, 21, 0
16, 1, 2, 0
16, 42, 43, 0
16, 41, 42, 0
16, 10, 10, 0
16, 10, 10, 0
16, 30, 31, 0
16, 38, 39, 0
16, 32, 32, 0
16, 32, 32, 0
16, 30, 31, 0
16, 34, 35, 0
16, 35, 36, 0
16, 42, 43, 0
16, 26, 26, 0
16, 26, 26, 0
16, 30, 31, 0
16, 34, 34, 0
16, 30, 31, 0
16, 37, 38, 0
16, 47, 48, 0
16, 46, 47, 0
16, 37, 38, 0
16, 59, 60, 0
16, 40, 41, 0
16, 57, 58, 0
16, 44, 45, 0
16, 67, 68, 0
16, 13, 13, 0
16, 13, 13, 0
16, 55, 56, 0
16, 57, 58, 0
16, 36, 37, 0
16, 49, 50, 0
16, 30, 30, 0
16, 30, 30, 0
16, 61, 62, 0
16, 36, 37, 0
16, 9, 9, 0
16, 9, 9, 0
16, 50, 51, 0
16, 37, 38, 0
16, 66, 67, 0
16, 42, 43, 0
16, 17, 17, 0
16, 17, 17, 0
16, 76, 77, 0
16, 52, 53, 0
16, 52, 52, 0
16, 51, 52, 0
17, 64, 64, 0
17, 27, 28, 0
17, 39, 39, 0
17, 28, 29, 0
17, 38, 39, 0
17, 21, 21, 0
17, 47, 48, 0
17, 10, 10, 0
17, 47, 48, 0
17, 32, 32, 0
17, 45, 46, 0
17, 67, 68, 0
17, 26, 26, 0
17, 34, 34, 0
17, 47, 47, 0
17, 21, 22, 0
17, 44, 45, 0
17, 50, 51, 0
17, 75, 75, 0
17, 13, 13, 0
17, 64, 64, 0
17, 37, 38, 0
17, 30, 30, 0
17, 43, 44, 0
17, 9, 9, 0
17, 43, 44, 0
17, 55, 56, 0
17, 17, 17, 0
17, 56, 57, 0
17, 52, 52, 0
17, 36, 37, 0
17, 57, 58, 0
17, 26, 27, 0
17, 67, 68, 0
17, 74, 75, 0
17, 21, 21, 0
17, 61, 62, 0
17, 10, 10, 0
17, 64, 64, 0
17, 32, 32, 0
17, 34, 35, 0
17, 58, 59, 0
17, 26, 26, 0
17, 34, 34, 0
17, 47, 47, 0
17, 40, 41, 0
17, 64, 64, 0
17, 61, 62, 0
17, 57, 58, 0
17, 13, 13, 0
17, 54, 55, 0
17, 60, 61, 0
17, 30, 30, 0
17, 50, 51, 0
17, 9, 9, 0
17, 51, 52, 0
17, 27, 28, 0
17, 17, 17, 0
17, 51, 52, 0
17, 52, 52, 0
17, 43, 44, 0
17, 53, 54, 0
17, 39, 39, 0
17, 47, 48, 0
17, 47, 48, 0
17, 21, 21, 0
17, 36, 37, 0
17, 10, 10, 0
17, 51, 52, 0
17, 32, 32, 0
17, 39, 40, 0
17, 43, 44, 0
17, 26, 26, 0
17, 34, 34, 0
17, 47, 47, 0
17, 35, 36, 0
17, 49, 50, 0
17, 54, 55, 0
17, 53, 54, 0
17, 13, 13, 0
17, 52, 53, 0
17, 57, 58, 0
17, 30, 30, 0
17, 49, 50, 0
17, 9, 9, 0
17, 49, 50, 0
17, 54, 55, 0
17, 17, 17, 0
17, 52, 53, 0
17, 51, 52, 0
18, 64, 64, 0
18, 52, 53, 0
18, 39, 39, 0
18, 43, 44, 0
18, 60, 61, 0
18, 21, 21, 0
18, 41, 42, 0
18, 10, 10, 0
18, 36, 37, 0
18, 32, 32, 0
18, 36, 37, 0
18, 42, 43, 0
18, 26, 26, 0
18, 34, 34, 0
18, 34, 35, 0
18, 37, 38, 0
18, 64, 64, 0
18, 62, 63, 0
18, 47, 48, 0
18, 13, 13, 0
18, 52, 53, 0
18, 87, 88, 0
18, 30, 30, 0
18, 70, 71, 0
18, 9, 9, 0
18, 64, 64, 0
18, 44, 45, 0
18, 17, 17, 0
18, 69, 70, 0
18, 32, 33, 0
18, 36, 37, 0
18, 49, 50, 0
18, 39, 39, 0
18, 32, 33, 0
18, 39, 40, 0
18, 21, 21, 0
18, 37, 38, 0
18, 10, 10, 0
18, 39, 40, 0
18, 32, 32, 0
18, 38, 39, 0
18, 36, 37, 0
18, 26, 26, 0
18, 34, 34, 0
18, 35, 36, 0
18, 38, 39, 0
18, 23, 24, 0
18, 43, 44, 0
18, 45, 46, 0
18, 13, 13, 0
18, 39, 40, 0
18, 47, 48, 0
18, 30, 30, 0
18, 44, 45, 0
18, 9, 9, 0
18, 39, 40, 0
18, 44, 45, 0
18, 17, 17, 0
18, 42, 43, 0
18, 45, 46, 0
18, 29, 30, 0
18, 40, 41, 0
18, 39, 39, 0
18, 39, 40, 0
18, 37, 38, 0
18, 21, 21, 0
18, 32, 33, 0
18, 10, 10, 0
18, 41, 42, 0
18, 32, 32, 0
18, 33, 34, 0
18, 37, 38, 0
18, 26, 26, 0
18, 34, 34, 0
18, 47, 47, 0
18, 44, 45, 0
18, 42, 43, 0
18, 48, 49, 0
18, 54, 55, 0
18, 13, 13, 0
18, 52, 53, 0
18, 52, 53, 0
18, 30, 30, 0
18, 41, 42, 0
18, 9, 9, 0
18, 56, 57, 0
18, 59, 60, 0
18, 17, 17, 0
18, 38, 39, 0
18, 46, 47, 0
19, 37, 38, 0
19, 67, 68, 0
19, 39, 39, 0
19, 96, 96, 0
19, 76, 77, 0
19, 21, 21, 0
19, 7, 8, 0
19, 10, 10, 0
19, 50, 51, 0
19, 32, 32, 0
19, 21, 22, 0
19, 25, 26, 0
19, 26, 26, 0
19, 18, 19, 0
19, 30, 31, 0
19, 9, 10, 0
19, 64, 64, 0
19, 24, 25, 0
19, 32, 33, 0
19, 13, 13, 0
19, 56, 57, 0
19, 58, 59, 0
19, 28, 29, 0
19, 55, 56, 0
19, 7, 8, 0
19, 64, 64, 0
19, 24, 25, 0
19, 17, 17, 0
19, 51, 52, 0
19, 9, 10, 0
19, 64, 64, 0
19, 42, 43, 0
19, 39, 39, 0
19, 18, 19, 0
19, 24, 25, 0
19, 21, 21, 0
19, 35, 36, 0
19, 10, 10, 0
19, 32, 33, 0
19, 32, 32, 0
19, 28, 29, 0
19, 51, 52, 0
19, 26, 26, 0
19, 34, 34, 0
19, 29, 30, 0
19, 38, 39, 0
19, 38, 39, 0
19, 54, 55, 0
19, 62, 63, 0
19, 13, 13, 0
19, 33, 34, 0
19, 66, 67, 0
19, 30, 30, 0
19, 18, 19, 0
19, 9, 9, 0
19, 64, 64, 0
19, 24, 25, 0
19, 17, 17, 0
19, 32, 33, 0
19, 52, 52, 0
19, 64, 64, 0
19, 71, 72, 0
19, 39, 39, 0
19, 22, 23, 0
19, 25, 26, 0
19, 21, 21, 0
19, 32, 33, 0
19, 10, 10, 0
19, 49, 50, 0
19, 32, 32, 0
19, 64, 64, 0
19, 52, 53, 0
19, 26, 26, 0
19, 34, 34, 0
19, 17, 18, 0
19, 23, 24, 0
19, 36, 37, 0
19, 19, 20, 0
19, 41, 42, 0
19, 13, 13, 0
19, 30, 31, 0
19, 57, 58, 0
19, 30, 30, 0
19, 52, 53, 0
19, 9, 9, 0
19, 48, 49, 0
19, 53, 54, 0
19, 17, 17, 0
19, 42, 43, 0
19, 9, 10, 0
20, 64, 64, 0
20, 12, 13, 0
20, 37, 38, 0
20, 38, 39, 0
20, 46, 47, 0
20, 21, 21, 0
20, 12, 13, 0
20, 10, 10, 0
20, 3, 4, 0
20, 16, 17, 0
20, 26, 27, 0
20, 50, 51, 0
20, 26, 26, 0
20, 10, 11, 0
20, 24, 25, 0
20, 37, 38, 0
20, 36, 37, 0
20, 66, 67, 0
20, 75, 75, 0
20, 13, 13, 0
20, 10, 11, 0
20, 25, 26, 0
20, 30, 30, 0
20, 8, 9, 0
20, 9, 9, 0
20, 5, 6, 0
20, 22, 23, 0
20, 17, 17, 0
20, 14, 15, 0
20, 26, 27, 0
20, 54, 55, 0
20, 85, 86, 0
20, 39, 39, 0
20, 34, 35, 0
20, 48, 49, 0
20, 21, 21, 0
20, 46, 47, 0
20, 10, 10, 0
20, 63, 64, 0
20, 32, 32, 0
20, 15, 16, 0
20, 51, 52, 0
20, 26, 26, 0
20, 34, 34, 0
20, 5, 6, 0
20, 22, 23, 0
20, 46, 47, 0
20, 39, 40, 0
20, 35, 36, 0
20, 13, 13, 0
20, 34, 35, 0
20, 53, 54, 0
20, 30, 30, 0
20, 14, 15, 0
20, 9, 9, 0
20, 23, 24, 0
20, 44, 45, 0
20, 17, 17, 0
20, 40, 41, 0
20, 52, 52, 0
20, 55, 56, 0
20, 76, 77, 0
20, 39, 39, 0
20, 12, 13, 0
20, 52, 53, 0
20, 21, 21, 0
20, 27, 28, 0
20, 10, 10, 0
20, 54, 55, 0
20, 32, 32, 0
20, 44, 45, 0
20, 33, 34, 0
20, 26, 26, 0
20, 13, 14, 0
20, 42, 43, 0
20, 35, 36, 0
20, 44, 45, 0
20, 55, 56, 0
20, 29, 30, 0
20, 13, 13, 0
20, 47, 48, 0
20, 21, 22, 0
20, 30, 30, 0
20, 19, 20, 0
20, 9, 9, 0
20, 30, 31, 0
20, 45, 46, 0
20, 17, 17, 0
20, 11, 12, 0
20, 29, 30, 0
21, 30, 31, 0
21, 56, 57, 0
21, 39, 39, 0
21, 34, 35, 0
21, 43, 44, 0
21, 21, 21, 0
21, 44, 45, 0
21, 10, 10, 0
21, 41, 42, 0
21, 32, 32, 0
21, 42, 43, 0
21, 43, 44, 0
21, 26, 26, 0
21, 34, 34, 0
21, 44, 45, 0
21, 45, 46, 0
21, 26, 27, 0
21, 40, 41, 0
21, 44, 45, 0
21, 13, 13, 0
21, 26, 27, 0
21, 51, 52, 0
21, 30, 30, 0
21, 50, 51, 0
21, 9, 9, 0
21, 40, 41, 0
21, 40, 41, 0
21, 17, 17, 0
21, 40, 41, 0
21, 40, 41, 0
21, 50, 51, 0
21, 40, 41, 0
21, 39, 39, 0
21, 46, 47, 0
21, 45, 46, 0
21, 21, 21, 0
21, 44, 45, 0
21, 10, 10, 0
21, 45, 46, 0
21, 32, 32, 0
21, 45, 46, 0
21, 45, 46, 0
21, 26, 26, 0
21, 34, 34, 0
21, 46, 47, 0
21, 45, 46, 0
21, 44, 45, 0
21, 50, 51, 0
21, 40, 41, 0
21, 13, 13, 0
21, 25, 26, 0
21, 50, 51, 0
21, 30, 30, 0
21, 51, 52, 0
21, 9, 9, 0
21, 51, 52, 0
21, 58, 59, 0
21, 17, 17, 0
21, 57, 58, 0
21, 15, 16, 0
21, 64, 64, 0
21, 60, 61, 0
21, 39, 39, 0
21, 60, 61, 0
21, 45, 46, 0
21, 21, 21, 0
21, 65, 66, 0
21, 10, 10, 0
21, 64, 64, 0
21, 32, 32, 0
21, 64, 64, 0
21, 60, 61, 0
21, 26, 26, 0
21, 30, 31, 0
21, 47, 47, 0
21, 60, 61, 0
21, 60, 61, 0
21, 25, 26, 0
21, 60, 61, 0
21, 13, 13, 0
21, 35, 36, 0
21, 60, 61, 0
21, 30, 30, 0
21, 34, 35, 0
21, 9, 9, 0
21, 60, 61, 0
21, 40, 41, 0
21, 17, 17, 0
21, 60, 61, 0
21, 52, 52, 0
22, 64, 64, 0
22, 39, 40, 0
22, 39, 39, 0
22, 37, 38, 0
22, 88, 88, 0
22, 21, 21, 0
22, 45, 46, 0
22, 10, 10, 0
22, 64, 64, 0
22, 32, 32, 0
22, 33, 34, 0
22, 40, 41, 0
22, 26, 26, 0
22, 34, 34, 0
22, 24, 25, 0
22, 51, 52, 0
22, 26, 27, 0
22, 59, 60, 0
22, 70, 71, 0
22, 13, 13, 0
22, 59, 60, 0
22, 52, 53, 0
22, 30, 30, 0
22, 88, 88, 0
22, 9, 9, 0
22, 60, 61, 0
22, 44, 45, 0
22, 17, 17, 0
22, 73, 74, 0
22, 52, 52, 0
22, 63, 64, 0
22, 54, 55, 0
22, 39, 39, 0
22, 96, 96, 0
22, 63, 64, 0
22, 21, 21, 0
22, 69, 70, 0
22, 10, 10, 0
22, 64, 64, 0
22, 32, 32, 0
22, 46, 47, 0
22, 64, 65, 0
22, 26, 26, 0
22, 34, 34, 0
22, 47, 47, 0
22, 39, 40, 0
22, 64, 64, 0
22, 46, 47, 0
22, 47, 48, 0
22, 13, 13, 0
22, 64, 64, 0
22, 56, 57, 0
22, 30, 30, 0
22, 60, 61, 0
22, 9, 9, 0
22, 52, 53, 0
22, 43, 44, 0
22, 17, 17, 0
22, 85, 86, 0
22, 24, 25, 0
22, 64, 64, 0
22, 44, 45, 0
22, 39, 39, 0
22, 51, 52, 0
22, 82, 83, 0
22, 21, 21, 0
22, 65, 66, 0
22, 10, 10, 0
22, 64, 64, 0
22, 32, 32, 0
22, 49, 50, 0
22, 58, 59, 0
22, 26, 26, 0
22, 34, 34, 0
22, 47, 47, 0
22, 32, 33, 0
22, 58, 59, 0
22, 56, 57, 0
22, 68, 69, 0
22, 13, 13, 0
22, 64, 64, 0
22, 42, 43, 0
22, 30, 30, 0
22, 39, 40, 0
22, 9, 9, 0
22, 41, 42, 0
22, 47, 48, 0
22, 17, 17, 0
22, 54, 55, 0
22, 46, 47, 0
23, 30, 31, 0
23, 76, 77, 0
23, 39, 39, 0
23, 33, 34, 0
23, 12, 13, 0
23, 13, 14, 0
23, 18, 19, 0
23, 10, 10, 0
23, 9, 10, 0
23, 17, 18, 0
23, 15, 16, 0
23, 20, 21, 0
23, 26, 26, 0
23, 16, 17, 0
23, 14, 15, 0
23, 17, 18, 0
23, 12, 13, 0
23, 17, 18, 0
23, 24, 25, 0
23, 13, 13, 0
23, 16, 17, 0
23, 16, 17, 0
23, 14, 15, 0
23, 13, 14, 0
23, 9, 9, 0
23, 17, 18, 0
23, 22, 23, 0
23, 9, 10, 0
23, 25, 26, 0
23, 20, 21, 0
23, 13, 14, 0
23, 13, 14, 0
23, 23, 24, 0
23, 23, 24, 0
23, 21, 22, 0
23, 21, 21, 0
23, 13, 14, 0
23, 8, 9, 0
23, 22, 23, 0
23, 15, 16, 0
23, 26, 27, 0
23, 29, 30, 0
23, 26, 26, 0
23, 30, 31, 0
23, 30, 31, 0
23, 30, 31, 0
23, 30, 31, 0
23, 31, 32, 0
23, 15, 16, 0
23, 13, 13, 0
23, 37, 38, 0
23, 35, 36, 0
23, 30, 30, 0
23, 19, 20, 0
23, 9, 9, 0
23, 8, 9, 0
23, 19, 20, 0
23, 17, 17, 0
23, 8, 9, 0
23, 23, 24, 0
23, 25, 26, 0
23, 39, 40, 0
23, 39, 39, 0
23, 35, 36, 0
23, 32, 33, 0
23, 21, 21, 0
23, 70, 71, 0
23, 10, 10, 0
23, 64, 64, 0
23, 12, 13, 0
23, 40, 41, 0
23, 49, 50, 0
23, 26, 26, 0
23, 33, 34, 0
23, 47, 47, 0
23, 50, 51, 0
23, 58, 59, 0
23, 66, 67, 0
23, 75, 75, 0
23, 13, 13, 0
23, 64, 64, 0
23, 31, 32, 0
23, 30, 30, 0
23, 29, 30, 0
23, 9, 9, 0
23, 36, 37, 0
23, 51, 52, 0
23, 17, 17, 0
23, 21, 22, 0
23, 52, 52, 0
24, 14, 15, 0
24, 8, 9, 0
24, 15, 16, 0
24, 29, 30, 0
24, 51, 52, 0
24, 21, 21, 0
24, 38, 39, 0
24, 10, 10, 0
24, 40, 41, 0
24, 32, 32, 0
24, 21, 22, 0
24, 31, 32, 0
24, 26, 26, 0
24, 28, 29, 0
24, 23, 24, 0
24, 22, 23, 0
24, 34, 35, 0
24, 27, 28, 0
24, 28, 29, 0
24, 13, 13, 0
24, 11, 12, 0
24, 23, 24, 0
24, 30, 30, 0
24, 23, 24, 0
24, 9, 9, 0
24, 25, 26, 0
24, 31, 32, 0
24, 17, 17, 0
24, 31, 32, 0
24, 24, 25, 0
24, 21, 22, 0
24, 22, 23, 0
24, 23, 24, 0
24, 26, 27, 0
24, 31, 32, 0
24, 21, 21, 0
24, 17, 18, 0
24, 10, 10, 0
24, 32, 33, 0
24, 32, 32, 0
24, 33, 34, 0
24, 35, 36, 0
24, 26, 26, 0
24, 34, 34, 0
24, 21, 22, 0
24, 26, 27, 0
24, 28, 29, 0
24, 32, 33, 0
24, 31, 32, 0
24, 13, 13, 0
24, 22, 23, 0
24, 22, 23, 0
24, 17, 18, 0
24, 19, 20, 0
24, 9, 9, 0
24, 20, 21, 0
24, 22, 23, 0
24, 8, 9, 0
24, 23, 24, 0
24, 14, 15, 0
24, 17, 18, 0
24, 37, 38, 0
24, 28, 29, 0
24, 34, 35, 0
24, 54, 55, 0
24, 20, 21, 0
24, 47, 48, 0
24, 10, 10, 0
24, 33, 34, 0
24, 32, 32, 0
24, 22, 23, 0
24, 37, 38, 0
24, 26, 26, 0
24, 28, 29, 0
24, 40, 41, 0
24, 32, 33, 0
24, 27, 28, 0
24, 27, 28, 0
24, 26, 27, 0
24, 13, 13, 0
24, 17, 18, 0
24, 25, 26, 0
24, 30, 30, 0
24, 28, 29, 0
24, 9, 9, 0
24, 28, 29, 0
24, 27, 28, 0
24, 17, 17, 0
24, 18, 19, 0
24, 19, 20, 0
25, 62, 63, 0
25, 104, 105, 0
25, 39, 39, 0
25, 49, 50, 0
25, 88, 88, 0
25, 21, 21, 0
25, 64, 65, 0
25, 10, 10, 0
25, 64, 64, 0
25, 32, 32, 0
25, 25, 26, 0
25, 47, 48, 0
25, 26, 26, 0
25, 34, 34, 0
25, 42, 43, 0
25, 49, 50, 0
25, 64, 64, 0
25, 39, 40, 0
25, 44, 45, 0
25, 13, 13, 0
25, 54, 55, 0
25, 48, 49, 0
25, 30, 30, 0
25, 22, 23, 0
25, 9, 9, 0
25, 56, 57, 0
25, 64, 65, 0
25, 17, 17, 0
25, 99, 100, 0
25, 52, 52, 0
25, 64, 64, 0
25, 60, 61, 0
25, 39, 39, 0
25, 52, 53, 0
25, 88, 88, 0
25, 21, 21, 0
25, 109, 110, 0
25, 10, 10, 0
25, 64, 64, 0
25, 32, 32, 0
25, 54, 55, 0
25, 41, 42, 0
25, 26, 26, 0
25, 34, 34, 0
25, 22, 23, 0
25, 56, 57, 0
25, 64, 64, 0
25, 48, 49, 0
25, 63, 64, 0
25, 13, 13, 0
25, 41, 42, 0
25, 62, 63, 0
25, 30, 30, 0
25, 68, 69, 0
25, 9, 9, 0
25, 61, 62, 0
25, 91, 91, 0
25, 17, 17, 0
25, 62, 63, 0
25, 43, 44, 0
25, 54, 55, 0
25, 44, 45, 0
25, 39, 39, 0
25, 46, 47, 0
25, 45, 46, 0
25, 21, 21, 0
25, 48, 49, 0
25, 10, 10, 0
25, 51, 52, 0
25, 32, 32, 0
25, 43, 44, 0
25, 47, 48, 0
25, 26, 26, 0
25, 34, 34, 0
25, 47, 47, 0
25, 36, 37, 0
25, 28, 29, 0
25, 32, 33, 0
25, 39, 40, 0
25, 13, 13, 0
25, 45, 46, 0
25, 46, 47, 0
25, 30, 30, 0
25, 41, 42, 0
25, 9, 9, 0
25, 52, 53, 0
25, 57, 58, 0
25, 17, 17, 0
25, 45, 46, 0
25, 30, 31, 0
26, 17, 18, 0
26, 4, 5, 0
26, 3, 4, 0
26, 28, 29, 0
26, 47, 48, 0
26, 21, 21, 0
26, 38, 39, 0
26, 10, 10, 0
26, 44, 45, 0
26, 32, 32, 0
26, 30, 31, 0
26, 51, 52, 0
26, 26, 26, 0
26, 34, 34, 0
26, 25, 26, 0
26, 28, 29, 0
26, 38, 39, 0
26, 41, 42, 0
26, 35, 36, 0
26, 13, 13, 0
26, 45, 46, 0
26, 42, 43, 0
26, 30, 30, 0
26, 41, 42, 0
26, 9, 9, 0
26, 37, 38, 0
26, 37, 38, 0
26, 17, 17, 0
26, 39, 40, 0
26, 40, 41, 0
26, 64, 64, 0
26, 54, 55, 0
26, 39, 39, 0
26, 37, 38, 0
26, 48, 49, 0
26, 21, 21, 0
26, 43, 44, 0
26, 10, 10, 0
26, 38, 39, 0
26, 32, 32, 0
26, 38, 39, 0
26, 40, 41, 0
26, 26, 26, 0
26, 32, 33, 0
26, 40, 41, 0
26, 40, 41, 0
26, 43, 44, 0
26, 49, 50, 0
26, 45, 46, 0
26, 13, 13, 0
26, 44, 45, 0
26, 53, 54, 0
26, 30, 30, 0
26, 40, 41, 0
26, 9, 9, 0
26, 44, 45, 0
26, 45, 46, 0
26, 17, 17, 0
26, 40, 41, 0
26, 38, 39, 0
26, 44, 45, 0
26, 42, 43, 0
26, 39, 39, 0
26, 35, 36, 0
26, 35, 36, 0
26, 21, 21, 0
26, 39, 40, 0
26, 10, 10, 0
26, 39, 40, 0
26, 32, 32, 0
26, 30, 31, 0
26, 35, 36, 0
26, 26, 26, 0
26, 32, 33, 0
26, 25, 26, 0
26, 32, 33, 0
26, 37, 38, 0
26, 38, 39, 0
26, 37, 38, 0
26, 13, 13, 0
26, 39, 40, 0
26, 38, 39, 0
26, 30, 30, 0
26, 30, 31, 0
26, 9, 9, 0
26, 33, 34, 0
26, 37, 38, 0
26, 17, 17, 0
26, 32, 33, 0
26, 36, 37, 0
27, 64, 64, 0
27, 30, 31, 0
27, 35, 36, 0
27, 55, 56, 0
27, 88, 88, 0
27, 21, 21, 0
27, 73, 74, 0
27, 10, 10, 0
27, 64, 64, 0
27, 32, 32, 0
27, 64, 64, 0
27, 30, 31, 0
27, 26, 26, 0
27, 34, 34, 0
27, 36, 37, 0
27, 80, 81, 0
27, 64, 64, 0
27, 61, 62, 0
27, 75, 75, 0
27, 13, 13, 0
27, 64, 64, 0
27, 61, 62, 0
27, 30, 30, 0
27, 65, 66, 0
27, 9, 9, 0
27, 50, 51, 0
27, 35, 36, 0
27, 17, 17, 0
27, 38, 39, 0
27, 52, 52, 0
27, 35, 36, 0
27, 55, 56, 0
27, 39, 39, 0
27, 53, 54, 0
27, 59, 60, 0
27, 21, 21, 0
27, 55, 56, 0
27, 10, 10, 0
27, 63, 64, 0
27, 32, 32, 0
27, 64, 64, 0
27, 55, 56, 0
27, 26, 26, 0
27, 34, 34, 0
27, 47, 47, 0
27, 58, 59, 0
27, 60, 61, 0
27, 72, 73, 0
27, 53, 54, 0
27, 13, 13, 0
27, 57, 58, 0
27, 45, 46, 0
27, 30, 30, 0
27, 47, 48, 0
27, 9, 9, 0
27, 64, 64, 0
27, 64, 65, 0
27, 17, 17, 0
27, 45, 46, 0
27, 52, 52, 0
27, 35, 36, 0
27, 57, 58, 0
27, 39, 39, 0
27, 62, 63, 0
27, 68, 69, 0
27, 21, 21, 0
27, 70, 71, 0
27, 10, 10, 0
27, 64, 64, 0
27, 32, 32, 0
27, 64, 64, 0
27, 55, 56, 0
27, 26, 26, 0
27, 34, 34, 0
27, 47, 47, 0
27, 70, 71, 0
27, 64, 64, 0
27, 47, 48, 0
27, 72, 73, 0
27, 13, 13, 0
27, 64, 64, 0
27, 66, 67, 0
27, 30, 30, 0
27, 47, 48, 0
27, 9, 9, 0
27, 64, 64, 0
27, 47, 48, 0
27, 17, 17, 0
27, 50, 51, 0
27, 52, 52, 0
28, 41, 42, 0
28, 28, 29, 0
28, 39, 39, 0
28, 21, 22, 0
28, 27, 28, 0
28, 21, 21, 0
28, 24, 25, 0
28, 10, 10, 0
28, 26, 27, 0
28, 31, 32, 0
28, 33, 34, 0
28, 20, 21, 0
28, 25, 26, 0
28, 32, 33, 0
28, 45, 46, 0
28, 58, 59, 0
28, 60, 61, 0
28, 48, 49, 0
28, 31, 32, 0
28, 13, 13, 0
28, 30, 31, 0
28, 25, 26, 0
28, 30, 30, 0
28, 20, 21, 0
28, 9, 9, 0
28, 35, 36, 0
28, 26, 27, 0
28, 17, 17, 0
28, 24, 25, 0
28, 50, 51, 0
28, 29, 30, 0
28, 42, 43, 0
28, 32, 33, 0
28, 21, 22, 0
28, 36, 37, 0
28, 21, 21, 0
28, 25, 26, 0
28, 10, 10, 0
28, 19, 20, 0
28, 25, 26, 0
28, 18, 19, 0
28, 26, 27, 0
28, 26, 26, 0
28, 28, 29, 0
28, 22, 23, 0
28, 80, 81, 0
28, 48, 49, 0
28, 66, 67, 0
28, 52, 53, 0
28, 13, 13, 0
28, 64, 64, 0
28, 9, 10, 0
28, 30, 30, 0
28, 37, 38, 0
28, 9, 9, 0
28, 51, 52, 0
28, 40, 41, 0
28, 17, 17, 0
28, 98, 99, 0
28, 52, 52, 0
28, 63, 64, 0
28, 20, 21, 0
28, 39, 39, 0
28, 28, 29, 0
28, 88, 88, 0
28, 21, 21, 0
28, 38, 39, 0
28, 10, 10, 0
28, 48, 49, 0
28, 32, 32, 0
28, 64, 64, 0
28, 16, 17, 0
28, 26, 26, 0
28, 34, 34, 0
28, 13, 14, 0
28, 57, 58, 0
28, 64, 64, 0
28, 15, 16, 0
28, 75, 75, 0
28, 13, 13, 0
28, 6, 7, 0
28, 110, 111, 0
28, 30, 30, 0
28, 88, 88, 0
28, 9, 9, 0
28, 9, 10, 0
28, 91, 91, 0
28, 17, 17, 0
28, 6, 7, 0
28, 52, 52, 0
29, 35, 36, 0
29, 40, 41, 0
29, 39, 39, 0
29, 40, 41, 0
29, 40, 41, 0
29, 21, 21, 0
29, 40, 41, 0
29, 10, 10, 0
29, 40, 41, 0
29, 32, 32, 0
29, 50, 51, 0
29, 40, 41, 0
29, 26, 26, 0
29, 34, 34, 0
29, 47, 47, 0
29, 40, 41, 0
29, 40, 41, 0
29, 40, 41, 0
29, 40, 41, 0
29, 13, 13, 0
29, 44, 45, 0
29, 44, 45, 0
29, 30, 30, 0
29, 40, 41, 0
29, 9, 9, 0
29, 40, 41, 0
29, 44, 45, 0
29, 17, 17, 0
29, 43, 44, 0
29, 52, 52, 0
29, 60, 61, 0
29, 61, 62, 0
29, 39, 39, 0
29, 58, 59, 0
29, 68, 69, 0
29, 21, 21, 0
29, 60, 61, 0
29, 10, 10, 0
29, 58, 59, 0
29, 32, 32, 0
29, 51, 52, 0
29, 60, 61, 0
29, 26, 26, 0
29, 34, 34, 0
29, 30, 31, 0
29, 60, 61, 0
29, 64, 64, 0
29, 59, 60, 0
29, 60, 61, 0
29, 13, 13, 0
29, 60, 61, 0
29, 62, 63, 0
29, 30, 30, 0
29, 60, 61, 0
29, 9, 9, 0
29, 60, 61, 0
29, 64, 65, 0
29, 17, 17, 0
29, 76, 77, 0
29, 52, 52, 0
29, 64, 64, 0
29, 67, 68, 0
29, 39, 39, 0
29, 57, 58, 0
29, 67, 68, 0
29, 21, 21, 0
29, 66, 67, 0
29, 10, 10, 0
29, 64, 64, 0
29, 32, 32, 0
29, 64, 64, 0
29, 65, 66, 0
29, 26, 26, 0
29, 34, 34, 0
29, 34, 35, 0
29, 38, 39, 0
29, 55, 56, 0
29, 47, 48, 0
29, 58, 59, 0
29, 13, 13, 0
29, 48, 49, 0
29, 59, 60, 0
29, 30, 30, 0
29, 68, 69, 0
29, 9, 9, 0
29, 60, 61, 0
29, 60, 61, 0
29, 17, 17, 0
29, 58, 59, 0
29, 52, 52, 0
30, 26, 27, 0
30, 41, 42, 0
30, 39, 39, 0
30, 26, 27, 0
30, 32, 33, 0
30, 21, 21, 0
30, 29, 30, 0
30, 10, 10, 0
30, 37, 38, 0
30, 26, 27, 0
30, 42, 43, 0
30, 38, 39, 0
30, 26, 26, 0
30, 34, 34, 0
30, 24, 25, 0
30, 31, 32, 0
30, 35, 36, 0
30, 42, 43, 0
30, 43, 44, 0
30, 13, 13, 0
30, 37, 38, 0
30, 44, 45, 0
30, 30, 30, 0
30, 26, 27, 0
30, 9, 9, 0
30, 37, 38, 0
30, 34, 35, 0
30, 17, 17, 0
30, 33, 34, 0
30, 42, 43, 0
30, 34, 35, 0
30, 39, 40, 0
30, 39, 39, 0
30, 33, 34, 0
30, 16, 17, 0
30, 21, 21, 0
30, 25, 26, 0
30, 10, 10, 0
30, 28, 29, 0
30, 31, 32, 0
30, 23, 24, 0
30, 26, 27, 0
30, 26, 26, 0
30, 30, 31, 0
30, 29, 30, 0
30, 35, 36, 0
30, 42, 43, 0
30, 36, 37, 0
30, 36, 37, 0
30, 13, 13, 0
30, 25, 26, 0
30, 26, 27, 0
30, 30, 30, 0
30, 22, 23, 0
30, 9, 9, 0
30, 51, 52, 0
30, 35, 36, 0
30, 17, 17, 0
30, 33, 34, 0
30, 37, 38, 0
30, 64, 64, 0
30, 49, 50, 0
30, 38, 39, 0
30, 59, 60, 0
30, 76, 77, 0
30, 21, 21, 0
30, 56, 57, 0
30, 10, 10, 0
30, 52, 53, 0
30, 32, 32, 0
30, 45, 46, 0
30, 52, 53, 0
30, 26, 26, 0
30, 34, 34, 0
30, 46, 47, 0
30, 59, 60, 0
30, 55, 56, 0
30, 61, 62, 0
30, 62, 63, 0
30, 13, 13, 0
30, 64, 64, 0
30, 53, 54, 0
30, 30, 30, 0
30, 42, 43, 0
30, 9, 9, 0
30, 54, 55, 0
30, 54, 55, 0
30, 17, 17, 0
30, 42, 43, 0
30, 52, 52, 0
31, 64, 64, 0
31, 58, 59, 0
31, 39, 39, 0
31, 62, 63, 0
31, 62, 63, 0
31, 21, 21, 0
31, 60, 61, 0
31, 10, 10, 0
31, 60, 61, 0
31, 32, 32, 0
31, 58, 59, 0
31, 57, 58, 0
31, 26, 26, 0
31, 34, 34, 0
31, 47, 47, 0
31, 65, 66, 0
31, 60, 61, 0
31, 60, 61, 0
31, 60, 61, 0
31, 13, 13, 0
31, 60, 61, 0
31, 60, 61, 0
31, 30, 30, 0
31, 60, 61, 0
31, 9, 9, 0
31, 60, 61, 0
31, 60, 61, 0
31, 17, 17, 0
31, 61, 62, 0
31, 52, 52, 0
31, 61, 62, 0
31, 61, 62, 0
31, 39, 39, 0
31, 62, 63, 0
31, 61, 62, 0
31, 21, 21, 0
31, 62, 63, 0
31, 10, 10, 0
31, 61, 62, 0
31, 32, 32, 0
31, 61, 62, 0
31, 62, 63, 0
31, 26, 26, 0
31, 34, 34, 0
31, 47, 47, 0
31, 61, 62, 0
31, 61, 62, 0
31, 61, 62, 0
31, 61, 62, 0
31, 13, 13, 0
31, 61, 62, 0
31, 61, 62, 0
31, 30, 30, 0
31, 61, 62, 0
31, 9, 9, 0
31, 61, 62, 0
31, 61, 62, 0
31, 17, 17, 0
31, 69, 70, 0
31, 52, 52, 0
31, 64, 64, 0
31, 63, 64, 0
31, 39, 39, 0
31, 64, 65, 0
31, 63, 64, 0
31, 21, 21, 0
31, 64, 65, 0
31, 10, 10, 0
31, 64, 64, 0
31, 32, 32, 0
31, 63, 64, 0
31, 61, 62, 0
31, 26, 26, 0
31, 34, 34, 0
31, 47, 47, 0
31, 61, 62, 0
31, 61, 62, 0
31, 61, 62, 0
31, 61, 62, 0
31, 0, 1, 0
31, 61, 62, 0
31, 62, 63, 0
31, 30, 30, 0
31, 61, 62, 0
31, 9, 9, 0
31, 61, 62, 0
31, 61, 62, 0
31, 17, 17, 0
31, 61, 62, 0
31, 52, 52, 0
32, 25, 26, 0
32, 43, 44, 0
32, 39, 39, 0
32, 30, 31, 0
32, 45, 46, 0
32, 21, 21, 0
32, 40, 41, 0
32, 10, 10, 0
32, 50, 51, 0
32, 32, 32, 0
32, 40, 41, 0
32, 61, 62, 0
32, 26, 26, 0
32, 34, 34, 0
32, 47, 47, 0
32, 31, 32, 0
32, 50, 51, 0
32, 45, 46, 0
32, 60, 61, 0
32, 13, 13, 0
32, 45, 46, 0
32, 50, 51, 0
32, 30, 30, 0
32, 45, 46, 0
32, 9, 9, 0
32, 45, 46, 0
32, 45, 46, 0
32, 17, 17, 0
32, 60, 61, 0
32, 52, 52, 0
32, 40, 41, 0
32, 54, 55, 0
32, 39, 39, 0
32, 46, 47, 0
32, 45, 46, 0
32, 21, 21, 0
32, 45, 46, 0
32, 10, 10, 0
32, 64, 64, 0
32, 32, 32, 0
32, 34, 35, 0
32, 50, 51, 0
32, 26, 26, 0
32, 34, 34, 0
32, 40, 41, 0
32, 45, 46, 0
32, 49, 50, 0
32, 40, 41, 0
32, 49, 50, 0
32, 13, 13, 0
32, 45, 46, 0
32, 55, 56, 0
32, 30, 30, 0
32, 50, 51, 0
32, 9, 9, 0
32, 49, 50, 0
32, 59, 60, 0
32, 17, 17, 0
32, 51, 52, 0
32, 52, 52, 0
32, 60, 61, 0
32, 45, 46, 0
32, 39, 39, 0
32, 45, 46, 0
32, 45, 46, 0
32, 21, 21, 0
32, 59, 60, 0
32, 10, 10, 0
32, 57, 58, 0
32, 32, 32, 0
32, 50, 51, 0
32, 70, 71, 0
32, 26, 26, 0
32, 34, 34, 0
32, 47, 47, 0
32, 50, 51, 0
32, 49, 50, 0
32, 49, 50, 0
32, 59, 60, 0
32, 13, 13, 0
32, 45, 46, 0
32, 50, 51, 0
32, 30, 30, 0
32, 50, 51, 0
32, 9, 9, 0
32, 50, 51, 0
32, 78, 79, 0
32, 17, 17, 0
32, 70, 71, 0
32, 52, 52, 0
33, 38, 39, 0
33, 54, 55, 0
33, 39, 39, 0
33, 38, 39, 0
33, 52, 53, 0
33, 21, 21, 0
33, 53, 54, 0
33, 10, 10, 0
33, 59, 60, 0
33, 24, 25, 0
33, 35, 36, 0
33, 50, 51, 0
33, 26, 26, 0
33, 34, 34, 0
33, 31, 32, 0
33, 31, 32, 0
33, 42, 43, 0
33, 49, 50, 0
33, 48, 49, 0
33, 13, 13, 0
33, 57, 58, 0
33, 26, 27, 0
33, 30, 30, 0
33, 44, 45, 0
33, 9, 9, 0
33, 64, 64, 0
33, 38, 39, 0
33, 17, 17, 0
33, 40, 41, 0
33, 52, 52, 0
33, 36, 37, 0
33, 44, 45, 0
33, 39, 39, 0
33, 45, 46, 0
33, 27, 28, 0
33, 21, 21, 0
33, 39, 40, 0
33, 10, 10, 0
33, 39, 40, 0
33, 16, 17, 0
33, 40, 41, 0
33, 28, 29, 0
33, 26, 26, 0
33, 34, 34, 0
33, 28, 29, 0
33, 27, 28, 0
33, 29, 30, 0
33, 39, 40, 0
33, 49, 50, 0
33, 13, 13, 0
33, 55, 56, 0
33, 30, 31, 0
33, 30, 30, 0
33, 44, 45, 0
33, 9, 9, 0
33, 48, 49, 0
33, 36, 37, 0
33, 17, 17, 0
33, 85, 86, 0
33, 26, 27, 0
33, 43, 44, 0
33, 29, 30, 0
33, 39, 39, 0
33, 73, 74, 0
33, 27, 28, 0
33, 21, 21, 0
33, 80, 81, 0
33, 10, 10, 0
33, 64, 64, 0
33, 32, 32, 0
33, 64, 64, 0
33, 63, 64, 0
33, 26, 26, 0
33, 34, 34, 0
33, 30, 31, 0
33, 47, 48, 0
33, 55, 56, 0
33, 53, 54, 0
33, 39, 40, 0
33, 13, 13, 0
33, 63, 64, 0
33, 24, 25, 0
33, 30, 30, 0
33, 69, 70, 0
33, 9, 9, 0
33, 61, 62, 0
33, 67, 68, 0
33, 17, 17, 0
33, 62, 63, 0
33, 52, 52, 0
34, 64, 64, 0
34, 38, 39, 0
34, 39, 39, 0
34, 28, 29, 0
34, 37, 38, 0
34, 21, 21, 0
34, 25, 26, 0
34, 10, 10, 0
34, 33, 34, 0
34, 29, 30, 0
34, 42, 43, 0
34, 32, 33, 0
34, 26, 26, 0
34, 27, 28, 0
34, 28, 29, 0
34, 34, 35, 0
34, 28, 29, 0
34, 27, 28, 0
34, 34, 35, 0
34, 13, 13, 0
34, 31, 32, 0
34, 34, 35, 0
34, 30, 30, 0
34, 29, 30, 0
34, 9, 9, 0
34, 24, 25, 0
34, 29, 30, 0
34, 17, 17, 0
34, 25, 26, 0
34, 24, 25, 0
34, 31, 32, 0
34, 33, 34, 0
34, 32, 33, 0
34, 29, 30, 0
34, 29, 30, 0
34, 21, 21, 0
34, 23, 24, 0
34, 10, 10, 0
34, 23, 24, 0
34, 27, 28, 0
34, 28, 29, 0
34, 28, 29, 0
34, 25, 26, 0
34, 25, 26, 0
34, 20, 21, 0
34, 25, 26, 0
34, 23, 24, 0
34, 28, 29, 0
34, 21, 22, 0
34, 13, 13, 0
34, 24, 25, 0
34, 25, 26, 0
34, 25, 26, 0
34, 26, 27, 0
34, 9, 9, 0
34, 25, 26, 0
34, 24, 25, 0
34, 17, 17, 0
34, 21, 22, 0
34, 23, 24, 0
34, 19, 20, 0
34, 21, 22, 0
34, 25, 26, 0
34, 24, 25, 0
34, 22, 23, 0
34, 21, 21, 0
34, 22, 23, 0
34, 10, 10, 0
34, 25, 26, 0
34, 24, 25, 0
34, 23, 24, 0
34, 24, 25, 0
34, 26, 26, 0
34, 25, 26, 0
34, 26, 27, 0
34, 28, 29, 0
34, 26, 27, 0
34, 28, 29, 0
34, 28, 29, 0
34, 13, 13, 0
34, 24, 25, 0
34, 28, 29, 0
34, 30, 30, 0
34, 31, 32, 0
34, 9, 9, 0
34, 29, 30, 0
34, 28, 29, 0
34, 17, 17, 0
34, 23, 24, 0
34, 21, 22, 0
35, 5, 6, 0
35, 10, 11, 0
35, 30, 31, 0
35, 56, 57, 0
35, 6, 7, 0
35, 21, 21, 0
35, 8, 9, 0
35, 10, 10, 0
35, 3, 4, 0
35, 31, 32, 0
35, 10, 11, 0
35, 68, 69, 0
35, 16, 17, 0
35, 23, 24, 0
35, 47, 47, 0
35, 29, 30, 0
35, 38, 39, 0
35, 89, 90, 0
35, 75, 75, 0
35, 13, 13, 0
35, 12, 13, 0
35, 45, 46, 0
35, 30, 30, 0
35, 28, 29, 0
35, 9, 9, 0
35, 44, 45, 0
35, 75, 76, 0
35, 17, 17, 0
35, 19, 20, 0
35, 52, 52, 0
35, 15, 16, 0
35, 32, 33, 0
35, 33, 34, 0
35, 47, 48, 0
35, 28, 29, 0
35, 21, 21, 0
35, 24, 25, 0
35, 10, 10, 0
35, 34, 35, 0
35, 32, 32, 0
35, 27, 28, 0
35, 27, 28, 0
35, 26, 26, 0
35, 25, 26, 0
35, 28, 29, 0
35, 19, 20, 0
35, 38, 39, 0
35, 29, 30, 0
35, 20, 21, 0
35, 13, 13, 0
35, 20, 21, 0
35, 20, 21, 0
35, 15, 16, 0
35, 20, 21, 0
35, 9, 9, 0
35, 21, 22, 0
35, 23, 24, 0
35, 17, 17, 0
35, 24, 25, 0
35, 19, 20, 0
35, 17, 18, 0
35, 32, 33, 0
35, 25, 26, 0
35, 28, 29, 0
35, 50, 51, 0
35, 20, 21, 0
35, 21, 22, 0
35, 10, 10, 0
35, 22, 23, 0
35, 30, 31, 0
35, 53, 54, 0
35, 23, 24, 0
35, 22, 23, 0
35, 17, 18, 0
35, 47, 47, 0
35, 18, 19, 0
35, 28, 29, 0
35, 22, 23, 0
35, 25, 26, 0
35, 13, 13, 0
35, 60, 61, 0
35, 68, 69, 0
35, 22, 23, 0
35, 21, 22, 0
35, 9, 9, 0
35, 21, 22, 0
35, 19, 20, 0
35, 17, 17, 0
35, 11, 12, 0
35, 26, 27, 0
36, 64, 64, 0
36, 46, 47, 0
36, 39, 39, 0
36, 30, 31, 0
36, 35, 36, 0
36, 21, 21, 0
36, 60, 61, 0
36, 10, 10, 0
36, 57, 58, 0
36, 32, 32, 0
36, 47, 48, 0
36, 40, 41, 0
36, 26, 26, 0
36, 34, 34, 0
36, 40, 41, 0
36, 36, 37, 0
36, 60, 61, 0
36, 60, 61, 0
36, 75, 75, 0
36, 13, 13, 0
36, 64, 64, 0
36, 49, 50, 0
36, 30, 30, 0
36, 45, 46, 0
36, 9, 9, 0
36, 50, 51, 0
36, 60, 61, 0
36, 17, 17, 0
36, 46, 47, 0
36, 32, 33, 0
36, 40, 41, 0
36, 60, 61, 0
36, 39, 39, 0
36, 48, 49, 0
36, 50, 51, 0
36, 21, 21, 0
36, 45, 46, 0
36, 10, 10, 0
36, 64, 64, 0
36, 32, 32, 0
36, 46, 47, 0
36, 45, 46, 0
36, 26, 26, 0
36, 34, 34, 0
36, 47, 47, 0
36, 31, 32, 0
36, 45, 46, 0
36, 59, 60, 0
36, 40, 41, 0
36, 13, 13, 0
36, 52, 53, 0
36, 42, 43, 0
36, 30, 30, 0
36, 50, 51, 0
36, 9, 9, 0
36, 58, 59, 0
36, 15, 16, 0
36, 17, 17, 0
36, 43, 44, 0
36, 40, 41, 0
36, 35, 36, 0
36, 44, 45, 0
36, 39, 39, 0
36, 50, 51, 0
36, 51, 52, 0
36, 21, 21, 0
36, 39, 40, 0
36, 10, 10, 0
36, 55, 56, 0
36, 32, 32, 0
36, 55, 56, 0
36, 50, 51, 0
36, 26, 26, 0
36, 34, 34, 0
36, 40, 41, 0
36, 41, 42, 0
36, 59, 60, 0
36, 51, 52, 0
36, 50, 51, 0
36, 13, 13, 0
36, 50, 51, 0
36, 50, 51, 0
36, 30, 30, 0
36, 50, 51, 0
36, 9, 9, 0
36, 50, 51, 0
36, 50, 51, 0
36, 17, 17, 0
36, 60, 61, 0
36, 30, 31, 0
37, 29, 30, 0
37, 55, 56, 0
37, 39, 39, 0
37, 50, 51, 0
37, 50, 51, 0
37, 21, 21, 0
37, 50, 51, 0
37, 10, 10, 0
37, 40, 41, 0
37, 32, 32, 0
37, 50, 51, 0
37, 55, 56, 0
37, 26, 26, 0
37, 34, 34, 0
37, 47, 47, 0
37, 40, 41, 0
37, 50, 51, 0
37, 51, 52, 0
37, 53, 54, 0
37, 13, 13, 0
37, 50, 51, 0
37, 60, 61, 0
37, 30, 30, 0
37, 88, 88, 0
37, 9, 9, 0
37, 64, 64, 0
37, 60, 61, 0
37, 17, 17, 0
37, 99, 100, 0
37, 52, 52, 0
37, 60, 61, 0
37, 60, 61, 0
37, 39, 39, 0
37, 60, 61, 0
37, 70, 71, 0
37, 21, 21, 0
37, 60, 61, 0
37, 10, 10, 0
37, 64, 64, 0
37, 32, 32, 0
37, 60, 61, 0
37, 60, 61, 0
37, 26, 26, 0
37, 34, 34, 0
37, 47, 47, 0
37, 50, 51, 0
37, 64, 64, 0
37, 32, 33, 0
37, 59, 60, 0
37, 13, 13, 0
37, 48, 49, 0
37, 37, 38, 0
37, 30, 30, 0
37, 50, 51, 0
37, 9, 9, 0
37, 51, 52, 0
37, 49, 50, 0
37, 17, 17, 0
37, 50, 51, 0
37, 52, 52, 0
37, 50, 51, 0
37, 53, 54, 0
37, 39, 39, 0
37, 51, 52, 0
37, 47, 48, 0
37, 21, 21, 0
37, 47, 48, 0
37, 10, 10, 0
37, 55, 56, 0
37, 32, 32, 0
37, 55, 56, 0
37, 62, 63, 0
37, 26, 26, 0
37, 34, 34, 0
37, 47, 47, 0
37, 50, 51, 0
37, 58, 59, 0
37, 57, 58, 0
37, 73, 74, 0
37, 13, 13, 0
37, 64, 64, 0
37, 70, 71, 0
37, 30, 30, 0
37, 79, 80, 0
37, 9, 9, 0
37, 64, 64, 0
37, 77, 78, 0
37, 17, 17, 0
37, 82, 83, 0
37, 52, 52, 0
38, 26, 27, 0
38, 41, 42, 0
38, 39, 39, 0
38, 19, 20, 0
38, 20, 21, 0
38, 21, 21, 0
38, 13, 14, 0
38, 10, 10, 0
38, 19, 20, 0
38, 23, 24, 0
38, 8, 9, 0
38, 26, 27, 0
38, 20, 21, 0
38, 28, 29, 0
38, 29, 30, 0
38, 37, 38, 0
38, 33, 34, 0
38, 34, 35, 0
38, 33, 34, 0
38, 13, 13, 0
38, 33, 34, 0
38, 20, 21, 0
38, 28, 29, 0
38, 31, 32, 0
38, 9, 9, 0
38, 39, 40, 0
38, 38, 39, 0
38, 17, 17, 0
38, 30, 31, 0
38, 30, 31, 0
38, 39, 40, 0
38, 45, 46, 0
38, 39, 39, 0
38, 22, 23, 0
38, 14, 15, 0
38, 21, 21, 0
38, 24, 25, 0
38, 10, 10, 0
38, 20, 21, 0
38, 10, 11, 0
38, 14, 15, 0
38, 28, 29, 0
38, 12, 13, 0
38, 20, 21, 0
38, 31, 32, 0
38, 14, 15, 0
38, 37, 38, 0
38, 22, 23, 0
38, 30, 31, 0
38, 13, 13, 0
38, 27, 28, 0
38, 17, 18, 0
38, 30, 30, 0
38, 25, 26, 0
38, 9, 9, 0
38, 19, 20, 0
38, 14, 15, 0
38, 16, 17, 0
38, 24, 25, 0
38, 33, 34, 0
38, 30, 31, 0
38, 28, 29, 0
38, 16, 17, 0
38, 27, 28, 0
38, 18, 19, 0
38, 21, 21, 0
38, 23, 24, 0
38, 10, 10, 0
38, 19, 20, 0
38, 20, 21, 0
38, 14, 15, 0
38, 26, 27, 0
38, 26, 26, 0
38, 23, 24, 0
38, 16, 17, 0
38, 29, 30, 0
38, 41, 42, 0
38, 25, 26, 0
38, 39, 40, 0
38, 13, 13, 0
38, 18, 19, 0
38, 23, 24, 0
38, 26, 27, 0
38, 33, 34, 0
38, 9, 9, 0
38, 26, 27, 0
38, 30, 31, 0
38, 17, 17, 0
38, 26, 27, 0
38, 12, 13, 0
39, 13, 14, 0
39, 20, 21, 0
39, 34, 35, 0
39, 40, 41, 0
39, 43, 44, 0
39, 21, 21, 0
39, 35, 36, 0
39, 10, 10, 0
39, 26, 27, 0
39, 32, 32, 0
39, 30, 31, 0
39, 32, 33, 0
39, 26, 26, 0
39, 30, 31, 0
39, 25, 26, 0
39, 35, 36, 0
39, 35, 36, 0
39, 35, 36, 0
39, 35, 36, 0
39, 13, 13, 0
39, 35, 36, 0
39, 40, 41, 0
39, 30, 30, 0
39, 41, 42, 0
39, 9, 9, 0
39, 41, 42, 0
39, 41, 42, 0
39, 17, 17, 0
39, 47, 48, 0
39, 52, 52, 0
39, 30, 31, 0
39, 31, 32, 0
39, 39, 39, 0
39, 37, 38, 0
39, 33, 34, 0
39, 21, 21, 0
39, 31, 32, 0
39, 10, 10, 0
39, 36, 37, 0
39, 32, 32, 0
39, 32, 33, 0
39, 30, 31, 0
39, 26, 26, 0
39, 34, 34, 0
39, 32, 33, 0
39, 33, 34, 0
39, 34, 35, 0
39, 35, 36, 0
39, 33, 34, 0
39, 13, 13, 0
39, 32, 33, 0
39, 35, 36, 0
39, 30, 30, 0
39, 37, 38, 0
39, 9, 9, 0
39, 39, 40, 0
39, 37, 38, 0
39, 17, 17, 0
39, 39, 40, 0
39, 36, 37, 0
39, 30, 31, 0
39, 39, 40, 0
39, 37, 38, 0
39, 42, 43, 0
39, 48, 49, 0
39, 21, 21, 0
39, 51, 52, 0
39, 10, 10, 0
39, 46, 47, 0
39, 32, 32, 0
39, 46, 47, 0
39, 46, 47, 0
39, 26, 26, 0
39, 34, 34, 0
39, 44, 45, 0
39, 46, 47, 0
39, 46, 47, 0
39, 47, 48, 0
39, 50, 51, 0
39, 13, 13, 0
39, 52, 53, 0
39, 48, 49, 0
39, 30, 30, 0
39, 48, 49, 0
39, 9, 9, 0
39, 46, 47, 0
39, 49, 50, 0
39, 17, 17, 0
39, 56, 57, 0
39, 48, 49, 0
40, 64, 64, 0
40, 42, 43, 0
40, 39, 39, 0
40, 47, 48, 0
40, 45, 46, 0
40, 21, 21, 0
40, 121, 121, 0
40, 10, 10, 0
40, 64, 64, 0
40, 32, 32, 0
40, 50, 51, 0
40, 77, 78, 0
40, 26, 26, 0
40, 34, 34, 0
40, 47, 47, 0
40, 80, 81, 0
40, 64, 64, 0
40, 60, 61, 0
40, 72, 73, 0
40, 13, 13, 0
40, 64, 64, 0
40, 71, 72, 0
40, 30, 30, 0
40, 88, 88, 0
40, 9, 9, 0
40, 64, 64, 0
40, 73, 74, 0
40, 17, 17, 0
40, 81, 82, 0
40, 52, 52, 0
40, 1, 2, 0
40, 44, 45, 0
40, 39, 39, 0
40, 30, 31, 0
40, 51, 52, 0
40, 21, 21, 0
40, 44, 45, 0
40, 10, 10, 0
40, 54, 55, 0
40, 32, 32, 0
40, 43, 44, 0
40, 54, 55, 0
40, 26, 26, 0
40, 34, 34, 0
40, 47, 47, 0
40, 45, 46, 0
40, 56, 57, 0
40, 54, 55, 0
40, 71, 72, 0
40, 13, 13, 0
40, 64, 64, 0
40, 56, 57, 0
40, 30, 30, 0
40, 64, 65, 0
40, 9, 9, 0
40, 58, 59, 0
40, 64, 65, 0
40, 17, 17, 0
40, 68, 69, 0
40, 52, 52, 0
40, 30, 31, 0
40, 31, 32, 0
40, 39, 39, 0
40, 46, 47, 0
40, 55, 56, 0
40, 21, 21, 0
40, 69, 70, 0
40, 10, 10, 0
40, 52, 53, 0
40, 32, 32, 0
40, 64, 64, 0
40, 61, 62, 0
40, 26, 26, 0
40, 34, 34, 0
40, 47, 47, 0
40, 44, 45, 0
40, 56, 57, 0
40, 50, 51, 0
40, 56, 57, 0
40, 13, 13, 0
40, 49, 50, 0
40, 69, 70, 0
40, 30, 30, 0
40, 71, 72, 0
40, 9, 9, 0
40, 52, 53, 0
40, 70, 71, 0
40, 17, 17, 0
40, 66, 67, 0
40, 52, 52, 0
41, 13, 14, 0
41, 83, 84, 0
41, 39, 39, 0
41, 46, 47, 0
41, 67, 68, 0
41, 21, 21, 0
41, 38, 39, 0
41, 10, 10, 0
41, 39, 40, 0
41, 32, 32, 0
41, 10, 11, 0
41, 49, 50, 0
41, 26, 26, 0
41, 28, 29, 0
41, 47, 47, 0
41, 40, 41, 0
41, 31, 32, 0
41, 47, 48, 0
41, 27, 28, 0
41, 13, 13, 0
41, 43, 44, 0
41, 15, 16, 0
41, 30, 30, 0
41, 45, 46, 0
41, 9, 9, 0
41, 30, 31, 0
41, 16, 17, 0
41, 17, 17, 0
41, 30, 31, 0
41, 28, 29, 0
41, 30, 31, 0
41, 45, 46, 0
41, 23, 24, 0
41, 40, 41, 0
41, 56, 57, 0
41, 21, 21, 0
41, 36, 37, 0
41, 10, 10, 0
41, 48, 49, 0
41, 32, 32, 0
41, 38, 39, 0
41, 40, 41, 0
41, 26, 26, 0
41, 34, 34, 0
41, 34, 35, 0
41, 34, 35, 0
41, 36, 37, 0
41, 34, 35, 0
41, 43, 44, 0
41, 13, 13, 0
41, 36, 37, 0
41, 40, 41, 0
41, 30, 30, 0
41, 36, 37, 0
41, 9, 9, 0
41, 24, 25, 0
41, 30, 31, 0
41, 17, 17, 0
41, 39, 40, 0
41, 43, 44, 0
41, 41, 42, 0
41, 52, 53, 0
41, 39, 39, 0
41, 34, 35, 0
41, 37, 38, 0
41, 21, 21, 0
41, 30, 31, 0
41, 10, 10, 0
41, 21, 22, 0
41, 32, 32, 0
41, 30, 31, 0
41, 40, 41, 0
41, 26, 26, 0
41, 33, 34, 0
41, 26, 27, 0
41, 37, 38, 0
41, 33, 34, 0
41, 23, 24, 0
41, 43, 44, 0
41, 13, 13, 0
41, 33, 34, 0
41, 35, 36, 0
41, 24, 25, 0
41, 41, 42, 0
41, 9, 9, 0
41, 45, 46, 0
41, 29, 30, 0
41, 17, 17, 0
41, 32, 33, 0
41, 36, 37, 0
42, 10, 11, 0
42, 16, 17, 0
42, 18, 19, 0
42, 17, 18, 0
42, 24, 25, 0
42, 21, 21, 0
42, 21, 22, 0
42, 10, 10, 0
42, 16, 17, 0
42, 14, 15, 0
42, 17, 18, 0
42, 24, 25, 0
42, 23, 24, 0
42, 28, 29, 0
42, 30, 31, 0
42, 37, 38, 0
42, 41, 42, 0
42, 40, 41, 0
42, 49, 50, 0
42, 13, 13, 0
42, 27, 28, 0
42, 41, 42, 0
42, 30, 30, 0
42, 37, 38, 0
42, 9, 9, 0
42, 32, 33, 0
42, 37, 38, 0
42, 17, 17, 0
42, 31, 32, 0
42, 41, 42, 0
42, 25, 26, 0
42, 29, 30, 0
42, 38, 39, 0
42, 40, 41, 0
42, 36, 37, 0
42, 21, 21, 0
42, 39, 40, 0
42, 10, 10, 0
42, 30, 31, 0
42, 32, 32, 0
42, 31, 32, 0
42, 29, 30, 0
42, 26, 26, 0
42, 28, 29, 0
42, 25, 26, 0
42, 33, 34, 0
42, 29, 30, 0
42, 34, 35, 0
42, 38, 39, 0
42, 13, 13, 0
42, 38, 39, 0
42, 37, 38, 0
42, 30, 30, 0
42, 32, 33, 0
42, 9, 9, 0
42, 37, 38, 0
42, 33, 34, 0
42, 17, 17, 0
42, 42, 43, 0
42, 41, 42, 0
42, 23, 24, 0
42, 31, 32, 0
42, 38, 39, 0
42, 47, 48, 0
42, 48, 49, 0
42, 21, 21, 0
42, 45, 46, 0
42, 10, 10, 0
42, 64, 64, 0
42, 32, 32, 0
42, 37, 38, 0
42, 55, 56, 0
42, 26, 26, 0
42, 34, 34, 0
42, 36, 37, 0
42, 44, 45, 0
42, 44, 45, 0
42, 50, 51, 0
42, 50, 51, 0
42, 13, 13, 0
42, 61, 62, 0
42, 61, 62, 0
42, 30, 30, 0
42, 53, 54, 0
42, 9, 9, 0
42, 60, 61, 0
42, 63, 64, 0
42, 17, 17, 0
42, 58, 59, 0
42, 52, 52, 0
43, 64, 64, 0
43, 47, 48, 0
43, 39, 39, 0
43, 31, 32, 0
43, 35, 36, 0
43, 21, 21, 0
43, 29, 30, 0
43, 10, 10, 0
43, 30, 31, 0
43, 32, 32, 0
43, 31, 32, 0
43, 30, 31, 0
43, 26, 26, 0
43, 28, 29, 0
43, 29, 30, 0
43, 29, 30, 0
43, 30, 31, 0
43, 30, 31, 0
43, 35, 36, 0
43, 13, 13, 0
43, 31, 32, 0
43, 35, 36, 0
43, 30, 30, 0
43, 31, 32, 0
43, 9, 9, 0
43, 40, 41, 0
43, 19, 20, 0
43, 17, 17, 0
43, 37, 38, 0
43, 36, 37, 0
43, 64, 64, 0
43, 30, 31, 0
43, 39, 39, 0
43, 29, 30, 0
43, 33, 34, 0
43, 21, 21, 0
43, 18, 19, 0
43, 10, 10, 0
43, 39, 40, 0
43, 32, 32, 0
43, 27, 28, 0
43, 26, 27, 0
43, 26, 26, 0
43, 31, 32, 0
43, 34, 35, 0
43, 39, 40, 0
43, 34, 35, 0
43, 31, 32, 0
43, 40, 41, 0
43, 13, 13, 0
43, 46, 47, 0
43, 48, 49, 0
43, 30, 30, 0
43, 31, 32, 0
43, 9, 9, 0
43, 50, 51, 0
43, 35, 36, 0
43, 17, 17, 0
43, 32, 33, 0
43, 42, 43, 0
43, 25, 26, 0
43, 28, 29, 0
43, 31, 32, 0
43, 26, 27, 0
43, 29, 30, 0
43, 21, 21, 0
43, 26, 27, 0
43, 10, 10, 0
43, 31, 32, 0
43, 32, 32, 0
43, 38, 39, 0
43, 41, 42, 0
43, 26, 26, 0
43, 33, 34, 0
43, 38, 39, 0
43, 44, 45, 0
43, 41, 42, 0
43, 56, 57, 0
43, 35, 36, 0
43, 13, 13, 0
43, 64, 64, 0
43, 47, 48, 0
43, 30, 30, 0
43, 43, 44, 0
43, 9, 9, 0
43, 42, 43, 0
43, 33, 34, 0
43, 17, 17, 0
43, 33, 34, 0
43, 37, 38, 0
44, 25, 26, 0
44, 40, 41, 0
44, 38, 39, 0
44, 53, 54, 0
44, 80, 81, 0
44, 21, 21, 0
44, 22, 23, 0
44, 10, 10, 0
44, 64, 64, 0
44, 32, 32, 0
44, 40, 41, 0
44, 36, 37, 0
44, 26, 26, 0
44, 34, 34, 0
44, 40, 41, 0
44, 57, 58, 0
44, 54, 55, 0
44, 49, 50, 0
44, 59, 60, 0
44, 13, 13, 0
44, 46, 47, 0
44, 62, 63, 0
44, 30, 30, 0
44, 48, 49, 0
44, 9, 9, 0
44, 26, 27, 0
44, 38, 39, 0
44, 17, 17, 0
44, 79, 80, 0
44, 52, 52, 0
44, 46, 47, 0
44, 58, 59, 0
44, 39, 39, 0
44, 53, 54, 0
44, 61, 62, 0
44, 21, 21, 0
44, 66, 67, 0
44, 10, 10, 0
44, 64, 64, 0
44, 32, 32, 0
44, 64, 64, 0
44, 45, 46, 0
44, 26, 26, 0
44, 34, 34, 0
44, 47, 47, 0
44, 54, 55, 0
44, 46, 47, 0
44, 75, 76, 0
44, 58, 59, 0
44, 13, 13, 0
44, 58, 59, 0
44, 47, 48, 0
44, 30, 30, 0
44, 38, 39, 0
44, 9, 9, 0
44, 64, 64, 0
44, 54, 55, 0
44, 17, 17, 0
44, 79, 80, 0
44, 52, 52, 0
44, 48, 49, 0
44, 52, 53, 0
44, 33, 34, 0
44, 48, 49, 0
44, 49, 50, 0
44, 21, 21, 0
44, 37, 38, 0
44, 10, 10, 0
44, 64, 64, 0
44, 32, 32, 0
44, 52, 53, 0
44, 47, 48, 0
44, 26, 26, 0
44, 34, 34, 0
44, 39, 40, 0
44, 73, 74, 0
44, 64, 64, 0
44, 59, 60, 0
44, 73, 74, 0
44, 13, 13, 0
44, 56, 57, 0
44, 68, 69, 0
44, 30, 30, 0
44, 55, 56, 0
44, 9, 9, 0
44, 49, 50, 0
44, 90, 91, 0
44, 17, 17, 0
44, 81, 82, 0
44, 52, 52, 0
45, 64, 64, 0
45, 41, 42, 0
45, 38, 39, 0
45, 40, 41, 0
45, 42, 43, 0
45, 21, 21, 0
45, 21, 22, 0
45, 10, 10, 0
45, 8, 9, 0
45, 11, 12, 0
45, 17, 18, 0
45, 17, 18, 0
45, 19, 20, 0
45, 23, 24, 0
45, 26, 27, 0
45, 21, 22, 0
45, 22, 23, 0
45, 20, 21, 0
45, 19, 20, 0
45, 13, 13, 0
45, 20, 21, 0
45, 23, 24, 0
45, 26, 27, 0
45, 25, 26, 0
45, 9, 9, 0
45, 28, 29, 0
45, 24, 25, 0
45, 17, 17, 0
45, 27, 28, 0
45, 30, 31, 0
45, 40, 41, 0
45, 40, 41, 0
45, 39, 39, 0
45, 35, 36, 0
45, 36, 37, 0
45, 21, 21, 0
45, 38, 39, 0
45, 10, 10, 0
45, 43, 44, 0
45, 32, 32, 0
45, 39, 40, 0
45, 45, 46, 0
45, 26, 26, 0
45, 30, 31, 0
45, 45, 46, 0
45, 38, 39, 0
45, 40, 41, 0
45, 47, 48, 0
45, 49, 50, 0
45, 13, 13, 0
45, 38, 39, 0
45, 52, 53, 0
45, 30, 30, 0
45, 54, 55, 0
45, 9, 9, 0
45, 49, 50, 0
45, 50, 51, 0
45, 17, 17, 0
45, 45, 46, 0
45, 52, 52, 0
45, 44, 45, 0
45, 52, 53, 0
45, 39, 39, 0
45, 39, 40, 0
45, 41, 42, 0
45, 21, 21, 0
45, 43, 44, 0
45, 10, 10, 0
45, 42, 43, 0
45, 32, 32, 0
45, 43, 44, 0
45, 43, 44, 0
45, 26, 26, 0
45, 34, 34, 0
45, 34, 35, 0
45, 44, 45, 0
45, 37, 38, 0
45, 41, 42, 0
45, 46, 47, 0
45, 13, 13, 0
45, 37, 38, 0
45, 42, 43, 0
45, 30, 30, 0
45, 36, 37, 0
45, 9, 9, 0
45, 46, 47, 0
45, 40, 41, 0
45, 17, 17, 0
45, 41, 42, 0
45, 47, 48, 0
46, 15, 16, 0
46, 39, 40, 0
46, 39, 39, 0
46, 25, 26, 0
46, 24, 25, 0
46, 21, 21, 0
46, 23, 24, 0
46, 10, 10, 0
46, 20, 21, 0
46, 15, 16, 0
46, 14, 15, 0
46, 35, 36, 0
46, 26, 26, 0
46, 24, 25, 0
46, 30, 31, 0
46, 21, 22, 0
46, 44, 45, 0
46, 33, 34, 0
46, 41, 42, 0
46, 13, 13, 0
46, 39, 40, 0
46, 34, 35, 0
46, 30, 30, 0
46, 30, 31, 0
46, 9, 9, 0
46, 28, 29, 0
46, 21, 22, 0
46, 17, 17, 0
46, 49, 50, 0
46, 45, 46, 0
46, 28, 29, 0
46, 33, 34, 0
46, 39, 39, 0
46, 30, 31, 0
46, 29, 30, 0
46, 21, 21, 0
46, 30, 31, 0
46, 10, 10, 0
46, 42, 43, 0
46, 20, 21, 0
46, 23, 24, 0
46, 35, 36, 0
46, 26, 26, 0
46, 34, 34, 0
46, 20, 21, 0
46, 31, 32, 0
46, 40, 41, 0
46, 34, 35, 0
46, 30, 31, 0
46, 13, 13, 0
46, 31, 32, 0
46, 52, 53, 0
46, 30, 30, 0
46, 43, 44, 0
46, 9, 9, 0
46, 47, 48, 0
46, 44, 45, 0
46, 17, 17, 0
46, 37, 38, 0
46, 36, 37, 0
46, 48, 49, 0
46, 44, 45, 0
46, 35, 36, 0
46, 45, 46, 0
46, 48, 49, 0
46, 21, 21, 0
46, 74, 75, 0
46, 10, 10, 0
46, 64, 64, 0
46, 32, 32, 0
46, 35, 36, 0
46, 24, 25, 0
46, 26, 26, 0
46, 19, 20, 0
46, 37, 38, 0
46, 40, 41, 0
46, 30, 31, 0
46, 38, 39, 0
46, 39, 40, 0
46, 13, 13, 0
46, 64, 64, 0
46, 48, 49, 0
46, 30, 30, 0
46, 42, 43, 0
46, 9, 9, 0
46, 45, 46, 0
46, 36, 37, 0
46, 17, 17, 0
46, 41, 42, 0
46, 51, 52, 0
47, 11, 12, 0
47, 91, 92, 0
47, 39, 39, 0
47, 20, 21, 0
47, 40, 41, 0
47, 21, 21, 0
47, 15, 16, 0
47, 10, 10, 0
47, 11, 12, 0
47, 25, 26, 0
47, 27, 28, 0
47, 19, 20, 0
47, 26, 26, 0
47, 29, 30, 0
47, 39, 40, 0
47, 70, 71, 0
47, 64, 64, 0
47, 55, 56, 0
47, 69, 70, 0
47, 13, 13, 0
47, 24, 25, 0
47, 98, 99, 0
47, 30, 30, 0
47, 87, 88, 0
47, 9, 9, 0
47, 64, 64, 0
47, 24, 25, 0
47, 17, 17, 0
47, 31, 32, 0
47, 52, 52, 0
47, 64, 64, 0
47, 29, 30, 0
47, 39, 39, 0
47, 44, 45, 0
47, 49, 50, 0
47, 21, 21, 0
47, 18, 19, 0
47, 10, 10, 0
47, 19, 20, 0
47, 25, 26, 0
47, 40, 41, 0
47, 60, 61, 0
47, 26, 26, 0
47, 25, 26, 0
47, 47, 47, 0
47, 13, 14, 0
47, 40, 41, 0
47, 59, 60, 0
47, 25, 26, 0
47, 13, 13, 0
47, 40, 41, 0
47, 55, 56, 0
47, 30, 30, 0
47, 30, 31, 0
47, 9, 9, 0
47, 20, 21, 0
47, 55, 56, 0
47, 17, 17, 0
47, 26, 27, 0
47, 40, 41, 0
47, 22, 23, 0
47, 29, 30, 0
47, 32, 33, 0
47, 34, 35, 0
47, 37, 38, 0
47, 21, 21, 0
47, 20, 21, 0
47, 10, 10, 0
47, 14, 15, 0
47, 23, 24, 0
47, 30, 31, 0
47, 41, 42, 0
47, 21, 22, 0
47, 34, 34, 0
47, 19, 20, 0
47, 30, 31, 0
47, 34, 35, 0
47, 35, 36, 0
47, 51, 52, 0
47, 13, 13, 0
47, 26, 27, 0
47, 45, 46, 0
47, 30, 30, 0
47, 16, 17, 0
47, 9, 9, 0
47, 28, 29, 0
47, 47, 48, 0
47, 17, 17, 0
47, 42, 43, 0
47, 52, 52, 0
48, 50, 51, 0
48, 105, 105, 0
48, 39, 39, 0
48, 26, 27, 0
48, 80, 81, 0
48, 21, 21, 0
48, 103, 104, 0
48, 10, 10, 0
48, 45, 46, 0
48, 32, 32, 0
48, 64, 64, 0
48, 101, 101, 0
48, 26, 26, 0
48, 14, 15, 0
48, 47, 47, 0
48, 21, 22, 0
48, 4, 5, 0
48, 55, 56, 0
48, 51, 52, 0
48, 13, 13, 0
48, 54, 55, 0
48, 93, 94, 0
48, 30, 30, 0
48, 44, 45, 0
48, 9, 9, 0
48, 64, 64, 0
48, 60, 61, 0
48, 17, 17, 0
48, 60, 61, 0
48, 52, 52, 0
48, 49, 50, 0
48, 95, 96, 0
48, 39, 39, 0
48, 88, 89, 0
48, 80, 81, 0
48, 21, 21, 0
48, 90, 91, 0
48, 10, 10, 0
48, 64, 64, 0
48, 32, 32, 0
48, 49, 50, 0
48, 85, 86, 0
48, 26, 26, 0
48, 34, 34, 0
48, 47, 47, 0
48, 48, 49, 0
48, 58, 59, 0
48, 88, 89, 0
48, 74, 75, 0
48, 13, 13, 0
48, 37, 38, 0
48, 62, 63, 0
48, 30, 30, 0
48, 88, 88, 0
48, 9, 9, 0
48, 64, 64, 0
48, 91, 91, 0
48, 17, 17, 0
48, 43, 44, 0
48, 52, 52, 0
48, 60, 61, 0
48, 80, 81, 0
48, 39, 39, 0
48, 80, 81, 0
48, 88, 88, 0
48, 21, 21, 0
48, 63, 64, 0
48, 10, 10, 0
48, 64, 64, 0
48, 32, 32, 0
48, 57, 58, 0
48, 74, 75, 0
48, 26, 26, 0
48, 34, 34, 0
48, 47, 47, 0
48, 79, 80, 0
48, 64, 64, 0
48, 59, 60, 0
48, 75, 75, 0
48, 13, 13, 0
48, 64, 64, 0
48, 45, 46, 0
48, 30, 30, 0
48, 68, 69, 0
48, 9, 9, 0
48, 64, 64, 0
48, 80, 81, 0
48, 17, 17, 0
48, 82, 83, 0
48, 52, 52, 0
49, 50, 51, 0
49, 98, 99, 0
49, 39, 39, 0
49, 63, 64, 0
49, 88, 88, 0
49, 21, 21, 0
49, 48, 49, 0
49, 10, 10, 0
49, 59, 60, 0
49, 32, 32, 0
49, 47, 48, 0
49, 75, 76, 0
49, 26, 26, 0
49, 34, 34, 0
49, 40, 41, 0
49, 76, 77, 0
49, 35, 36, 0
49, 95, 95, 0
49, 51, 52, 0
49, 13, 13, 0
49, 64, 64, 0
49, 59, 60, 0
49, 30, 30, 0
49, 80, 81, 0
49, 9, 9, 0
49, 32, 33, 0
49, 57, 58, 0
49, 17, 17, 0
49, 54, 55, 0
49, 52, 52, 0
49, 45, 46, 0
49, 67, 68, 0
49, 32, 33, 0
49, 54, 55, 0
49, 60, 61, 0
49, 21, 21, 0
49, 59, 60, 0
49, 10, 10, 0
49, 64, 64, 0
49, 32, 32, 0
49, 58, 59, 0
49, 66, 67, 0
49, 26, 26, 0
49, 34, 34, 0
49, 47, 47, 0
49, 66, 67, 0
49, 62, 63, 0
49, 56, 57, 0
49, 58, 59, 0
49, 13, 13, 0
49, 43, 44, 0
49, 68, 69, 0
49, 30, 30, 0
49, 64, 65, 0
49, 9, 9, 0
49, 64, 64, 0
49, 50, 51, 0
49, 17, 17, 0
49, 53, 54, 0
49, 52, 52, 0
49, 55, 56, 0
49, 57, 58, 0
49, 39, 39, 0
49, 31, 32, 0
49, 56, 57, 0
49, 21, 21, 0
49, 38, 39, 0
49, 10, 10, 0
49, 64, 64, 0
49, 32, 32, 0
49, 46, 47, 0
49, 48, 49, 0
49, 26, 26, 0
49, 34, 34, 0
49, 38, 39, 0
49, 41, 42, 0
49, 52, 53, 0
49, 41, 42, 0
49, 57, 58, 0
49, 13, 13, 0
49, 43, 44, 0
49, 46, 47, 0
49, 30, 30, 0
49, 34, 35, 0
49, 9, 9, 0
49, 52, 53, 0
49, 64, 65, 0
49, 17, 17, 0
49, 39, 40, 0
49, 45, 46, 0
50, 30, 31, 0
50, 37, 38, 0
50, 39, 39, 0
50, 27, 28, 0
50, 34, 35, 0
50, 21, 21, 0
50, 33, 34, 0
50, 10, 10, 0
50, 35, 36, 0
50, 32, 32, 0
50, 35, 36, 0
50, 48, 49, 0
50, 26, 26, 0
50, 34, 34, 0
50, 20, 21, 0
50, 30, 31, 0
50, 31, 32, 0
50, 26, 27, 0
50, 31, 32, 0
50, 13, 13, 0
50, 33, 34, 0
50, 36, 37, 0
50, 30, 30, 0
50, 41, 42, 0
50, 9, 9, 0
50, 33, 34, 0
50, 34, 35, 0
50, 17, 17, 0
50, 37, 38, 0
50, 40, 41, 0
50, 30, 31, 0
50, 38, 39, 0
50, 32, 33, 0
50, 32, 33, 0
50, 36, 37, 0
50, 21, 21, 0
50, 36, 37, 0
50, 10, 10, 0
50, 35, 36, 0
50, 32, 32, 0
50, 30, 31, 0
50, 35, 36, 0
50, 26, 26, 0
50, 34, 34, 0
50, 32, 33, 0
50, 30, 31, 0
50, 30, 31, 0
50, 28, 29, 0
50, 26, 27, 0
50, 13, 13, 0
50, 32, 33, 0
50, 30, 31, 0
50, 23, 24, 0
50, 25, 26, 0
50, 9, 9, 0
50, 30, 31, 0
50, 24, 25, 0
50, 17, 17, 0
50, 30, 31, 0
50, 33, 34, 0
50, 42, 43, 0
50, 44, 45, 0
50, 39, 39, 0
50, 36, 37, 0
50, 39, 40, 0
50, 21, 21, 0
50, 42, 43, 0
50, 10, 10, 0
50, 43, 44, 0
50, 32, 32, 0
50, 36, 37, 0
50, 42, 43, 0
50, 26, 26, 0
50, 34, 34, 0
50, 36, 37, 0
50, 37, 38, 0
50, 44, 45, 0
50, 37, 38, 0
50, 48, 49, 0
50, 13, 13, 0
50, 42, 43, 0
50, 54, 55, 0
50, 30, 30, 0
50, 55, 56, 0
50, 9, 9, 0
50, 40, 41, 0
50, 52, 53, 0
50, 17, 17, 0
50, 46, 47, 0
50, 48, 49, 0
51, 52, 53, 0
51, 64, 65, 0
51, 39, 39, 0
51, 35, 36, 0
51, 44, 45, 0
51, 21, 21, 0
51, 36, 37, 0
51, 10, 10, 0
51, 41, 42, 0
51, 32, 32, 0
51, 37, 38, 0
51, 25, 26, 0
51, 26, 26, 0
51, 29, 30, 0
51, 33, 34, 0
51, 34, 35, 0
51, 40, 41, 0
51, 49, 50, 0
51, 50, 51, 0
51, 13, 13, 0
51, 38, 39, 0
51, 45, 46, 0
51, 30, 30, 0
51, 41, 42, 0
51, 9, 9, 0
51, 39, 40, 0
51, 52, 53, 0
51, 17, 17, 0
51, 57, 58, 0
51, 52, 52, 0
51, 39, 40, 0
51, 52, 53, 0
51, 39, 39, 0
51, 48, 49, 0
51, 42, 43, 0
51, 21, 21, 0
51, 36, 37, 0
51, 10, 10, 0
51, 29, 30, 0
51, 32, 32, 0
51, 29, 30, 0
51, 31, 32, 0
51, 26, 26, 0
51, 24, 25, 0
51, 23, 24, 0
51, 41, 42, 0
51, 29, 30, 0
51, 32, 33, 0
51, 38, 39, 0
51, 13, 13, 0
51, 54, 55, 0
51, 32, 33, 0
51, 30, 30, 0
51, 32, 33, 0
51, 9, 9, 0
51, 46, 47, 0
51, 56, 57, 0
51, 17, 17, 0
51, 52, 53, 0
51, 30, 31, 0
51, 46, 47, 0
51, 39, 40, 0
51, 39, 39, 0
51, 27, 28, 0
51, 39, 40, 0
51, 21, 21, 0
51, 42, 43, 0
51, 10, 10, 0
51, 56, 57, 0
51, 32, 32, 0
51, 41, 42, 0
51, 41, 42, 0
51, 26, 26, 0
51, 34, 34, 0
51, 36, 37, 0
51, 44, 45, 0
51, 51, 52, 0
51, 64, 65, 0
51, 55, 56, 0
51, 13, 13, 0
51, 40, 41, 0
51, 46, 47, 0
51, 30, 30, 0
51, 37, 38, 0
51, 9, 9, 0
51, 56, 57, 0
51, 28, 29, 0
51, 17, 17, 0
51, 63, 64, 0
51, 32, 33, 0
52, 64, 64, 0
52, 52, 53, 0
52, 39, 39, 0
52, 32, 33, 0
52, 48, 49, 0
52, 21, 21, 0
52, 41, 42, 0
52, 10, 10, 0
52, 37, 38, 0
52, 32, 32, 0
52, 30, 31, 0
52, 33, 34, 0
52, 26, 26, 0
52, 31, 32, 0
52, 31, 32, 0
52, 35, 36, 0
52, 41, 42, 0
52, 41, 42, 0
52, 47, 48, 0
52, 13, 13, 0
52, 49, 50, 0
52, 53, 54, 0
52, 30, 30, 0
52, 45, 46, 0
52, 9, 9, 0
52, 40, 41, 0
52, 63, 64, 0
52, 17, 17, 0
52, 54, 55, 0
52, 52, 52, 0
52, 40, 41, 0
52, 40, 41, 0
52, 39, 39, 0
52, 47, 48, 0
52, 53, 54, 0
52, 21, 21, 0
52, 60, 61, 0
52, 10, 10, 0
52, 57, 58, 0
52, 32, 32, 0
52, 56, 57, 0
52, 59, 60, 0
52, 26, 26, 0
52, 34, 34, 0
52, 38, 39, 0
52, 55, 56, 0
52, 63, 64, 0
52, 68, 69, 0
52, 66, 67, 0
52, 13, 13, 0
52, 64, 64, 0
52, 58, 59, 0
52, 30, 30, 0
52, 54, 55, 0
52, 9, 9, 0
52, 58, 59, 0
52, 64, 65, 0
52, 17, 17, 0
52, 57, 58, 0
52, 52, 52, 0
52, 58, 59, 0
52, 64, 65, 0
52, 39, 39, 0
52, 62, 63, 0
52, 66, 67, 0
52, 21, 21, 0
52, 67, 68, 0
52, 10, 10, 0
52, 60, 61, 0
52, 32, 32, 0
52, 60, 61, 0
52, 71, 72, 0
52, 26, 26, 0
52, 34, 34, 0
52, 47, 47, 0
52, 47, 48, 0
52, 51, 52, 0
52, 58, 59, 0
52, 67, 68, 0
52, 13, 13, 0
52, 64, 64, 0
52, 52, 53, 0
52, 30, 30, 0
52, 47, 48, 0
52, 9, 9, 0
52, 51, 52, 0
52, 54, 55, 0
52, 17, 17, 0
52, 53, 54, 0
52, 52, 52, 0
53, 28, 29, 0
53, 45, 46, 0
53, 39, 39, 0
53, 38, 39, 0
53, 43, 44, 0
53, 21, 21, 0
53, 20, 21, 0
53, 10, 10, 0
53, 55, 56, 0
53, 32, 32, 0
53, 39, 40, 0
53, 26, 27, 0
53, 26, 26, 0
53, 34, 34, 0
53, 33, 34, 0
53, 33, 34, 0
53, 42, 43, 0
53, 42, 43, 0
53, 75, 75, 0
53, 13, 13, 0
53, 56, 57, 0
53, 62, 63, 0
53, 30, 30, 0
53, 88, 88, 0
53, 9, 9, 0
53, 64, 64, 0
53, 40, 41, 0
53, 16, 17, 0
53, 50, 51, 0
53, 46, 47, 0
53, 30, 31, 0
53, 44, 45, 0
53, 37, 38, 0
53, 48, 49, 0
53, 71, 72, 0
53, 21, 21, 0
53, 48, 49, 0
53, 10, 10, 0
53, 64, 64, 0
53, 32, 32, 0
53, 32, 33, 0
53, 42, 43, 0
53, 26, 26, 0
53, 34, 34, 0
53, 41, 42, 0
53, 46, 47, 0
53, 64, 64, 0
53, 44, 45, 0
53, 42, 43, 0
53, 13, 13, 0
53, 45, 46, 0
53, 31, 32, 0
53, 30, 30, 0
53, 67, 68, 0
53, 9, 9, 0
53, 9, 10, 0
53, 4, 5, 0
53, 17, 17, 0
53, 17, 18, 0
53, 21, 22, 0
53, 37, 38, 0
53, 22, 23, 0
53, 39, 39, 0
53, 24, 25, 0
53, 19, 20, 0
53, 21, 21, 0
53, 29, 30, 0
53, 10, 10, 0
53, 39, 40, 0
53, 32, 32, 0
53, 60, 61, 0
53, 66, 67, 0
53, 26, 26, 0
53, 34, 34, 0
53, 30, 31, 0
53, 15, 16, 0
53, 21, 22, 0
53, 22, 23, 0
53, 75, 75, 0
53, 13, 13, 0
53, 53, 54, 0
53, 16, 17, 0
53, 30, 30, 0
53, 28, 29, 0
53, 9, 9, 0
53, 43, 44, 0
53, 28, 29, 0
53, 17, 17, 0
53, 54, 55, 0
53, 36, 37, 0
54, 64, 64, 0
54, 37, 38, 0
54, 39, 39, 0
54, 42, 43, 0
54, 46, 47, 0
54, 21, 21, 0
54, 45, 46, 0
54, 10, 10, 0
54, 57, 58, 0
54, 32, 32, 0
54, 46, 47, 0
54, 73, 74, 0
54, 26, 26, 0
54, 34, 34, 0
54, 47, 47, 0
54, 45, 46, 0
54, 49, 50, 0
54, 54, 55, 0
54, 75, 75, 0
54, 13, 13, 0
54, 48, 49, 0
54, 43, 44, 0
54, 30, 30, 0
54, 52, 53, 0
54, 9, 9, 0
54, 57, 58, 0
54, 56, 57, 0
54, 17, 17, 0
54, 72, 73, 0
54, 52, 52, 0
54, 43, 44, 0
54, 64, 65, 0
54, 39, 39, 0
54, 47, 48, 0
54, 50, 51, 0
54, 21, 21, 0
54, 69, 70, 0
54, 10, 10, 0
54, 64, 64, 0
54, 32, 32, 0
54, 44, 45, 0
54, 53, 54, 0
54, 26, 26, 0
54, 34, 34, 0
54, 46, 47, 0
54, 48, 49, 0
54, 51, 52, 0
54, 58, 59, 0
54, 56, 57, 0
54, 13, 13, 0
54, 59, 60, 0
54, 52, 53, 0
54, 30, 30, 0
54, 54, 55, 0
54, 9, 9, 0
54, 53, 54, 0
54, 66, 67, 0
54, 17, 17, 0
54, 64, 65, 0
54, 52, 52, 0
54, 64, 64, 0
54, 50, 51, 0
54, 39, 39, 0
54, 47, 48, 0
54, 53, 54, 0
54, 21, 21, 0
54, 49, 50, 0
54, 10, 10, 0
54, 50, 51, 0
54, 32, 32, 0
54, 54, 55, 0
54, 75, 76, 0
54, 26, 26, 0
54, 34, 34, 0
54, 47, 47, 0
54, 43, 44, 0
54, 51, 52, 0
54, 68, 69, 0
54, 66, 67, 0
54, 13, 13, 0
54, 55, 56, 0
54, 54, 55, 0
54, 30, 30, 0
54, 56, 57, 0
54, 9, 9, 0
54, 63, 64, 0
54, 65, 66, 0
54, 17, 17, 0
54, 62, 63, 0
54, 52, 52, 0
55, 64, 64, 0
55, 14, 15, 0
55, 39, 39, 0
55, 21, 22, 0
55, 64, 65, 0
55, 21, 21, 0
55, 49, 50, 0
55, 10, 10, 0
55, 64, 64, 0
55, 32, 32, 0
55, 9, 10, 0
55, 42, 43, 0
55, 26, 26, 0
55, 12, 13, 0
55, 41, 42, 0
55, 79, 80, 0
55, 35, 36, 0
55, 95, 95, 0
55, 75, 75, 0
55, 13, 13, 0
55, 55, 56, 0
55, 53, 54, 0
55, 30, 30, 0
55, 37, 38, 0
55, 9, 9, 0
55, 53, 54, 0
55, 81, 82, 0
55, 17, 17, 0
55, 114, 115, 0
55, 52, 52, 0
55, 37, 38, 0
55, 25, 26, 0
55, 39, 39, 0
55, 58, 59, 0
55, 56, 57, 0
55, 21, 21, 0
55, 44, 45, 0
55, 10, 10, 0
55, 64, 64, 0
55, 32, 32, 0
55, 64, 64, 0
55, 51, 52, 0
55, 26, 26, 0
55, 30, 31, 0
55, 47, 47, 0
55, 54, 55, 0
55, 64, 64, 0
55, 54, 55, 0
55, 70, 71, 0
55, 13, 13, 0
55, 37, 38, 0
55, 58, 59, 0
55, 27, 28, 0
55, 86, 87, 0
55, 9, 9, 0
55, 47, 48, 0
55, 39, 40, 0
55, 17, 17, 0
55, 56, 57, 0
55, 52, 52, 0
55, 32, 33, 0
55, 60, 61, 0
55, 13, 14, 0
55, 45, 46, 0
55, 84, 85, 0
55, 21, 21, 0
55, 71, 72, 0
55, 0, 1, 0
55, 64, 64, 0
55, 32, 32, 0
55, 64, 64, 0
55, 17, 18, 0
55, 26, 26, 0
55, 33, 34, 0
55, 47, 47, 0
55, 42, 43, 0
55, 44, 45, 0
55, 55, 56, 0
55, 36, 37, 0
55, 13, 13, 0
55, 64, 64, 0
55, 84, 85, 0
55, 18, 19, 0
55, 65, 66, 0
55, 9, 9, 0
55, 63, 64, 0
55, 13, 14, 0
55, 17, 17, 0
55, 31, 32, 0
55, 30, 31, 0
56, 10, 11, 0
56, 21, 22, 0
56, 35, 36, 0
56, 44, 45, 0
56, 57, 58, 0
56, 21, 21, 0
56, 80, 81, 0
56, 10, 10, 0
56, 64, 64, 0
56, 32, 32, 0
56, 23, 24, 0
56, 41, 42, 0
56, 26, 26, 0
56, 34, 34, 0
56, 27, 28, 0
56, 59, 60, 0
56, 64, 64, 0
56, 48, 49, 0
56, 59, 60, 0
56, 13, 13, 0
56, 64, 64, 0
56, 58, 59, 0
56, 30, 30, 0
56, 50, 51, 0
56, 9, 9, 0
56, 64, 64, 0
56, 46, 47, 0
56, 17, 17, 0
56, 45, 46, 0
56, 52, 52, 0
56, 35, 36, 0
56, 47, 48, 0
56, 39, 39, 0
56, 28, 29, 0
56, 25, 26, 0
56, 21, 21, 0
56, 42, 43, 0
56, 10, 10, 0
56, 10, 11, 0
56, 10, 11, 0
56, 10, 11, 0
56, 51, 52, 0
56, 26, 26, 0
56, 34, 34, 0
56, 39, 40, 0
56, 38, 39, 0
56, 40, 41, 0
56, 52, 53, 0
56, 49, 50, 0
56, 13, 13, 0
56, 43, 44, 0
56, 44, 45, 0
56, 30, 30, 0
56, 25, 26, 0
56, 9, 9, 0
56, 37, 38, 0
56, 41, 42, 0
56, 17, 17, 0
56, 43, 44, 0
56, 40, 41, 0
56, 48, 49, 0
56, 49, 50, 0
56, 39, 39, 0
56, 27, 28, 0
56, 22, 23, 0
56, 21, 21, 0
56, 35, 36, 0
56, 10, 10, 0
56, 31, 32, 0
56, 32, 32, 0
56, 34, 35, 0
56, 32, 33, 0
56, 26, 26, 0
56, 34, 34, 0
56, 41, 42, 0
56, 40, 41, 0
56, 37, 38, 0
56, 40, 41, 0
56, 41, 42, 0
56, 13, 13, 0
56, 49, 50, 0
56, 51, 52, 0
56, 30, 30, 0
56, 41, 42, 0
56, 9, 9, 0
56, 47, 48, 0
56, 45, 46, 0
56, 17, 17, 0
56, 34, 35, 0
56, 46, 47, 0
